Serial,Original,Plagiarized,Label
1,নভেম্বরের শুরুতে ইরানের ওপর নতুন করে মার্কিন নিষেধাজ্ঞা কার্যকর হয়েছে।,নভেম্বর মাসজুড়ে ইরানের ওপর মার্কিন নিষেধাজ্ঞা বহাল রয়েছে।,1
2,নিষেধাজ্ঞার প্রভাব পড়েছে দেশটির অপরিশোধিত জ্বালানি তেল রফতানি খাতে।,দেশের অপরিশোধিত জ্বালানি তেল রফতানি খাতে নিষেধাজ্ঞার প্রভাব বিদ্যমান।,1
3,নভেম্বরে এশিয়ার দেশগুলোয় ইরানের প্রধান রফতানি পণ্য জ্বালানি তেলের চালান আগের বছরের একই সময়ের তুলনায় প্রায় ১৩ শতাংশ কমে পাঁচ বছরের সর্বনিম্ন অবস্থানে নেমে এসেছে।,নভেম্বরে এশিয়ার দেশগুলোতে ইরানের প্রধান রপ্তানি পণ্য হিসেবে জ্বালানি তেলের চালান পূর্ববর্তী বছরের একই সময়ের তুলনায় প্রায় ১৩% হ্রাস পেয়ে পাঁচ বছরের সর্বনিম্ন পর্যায়ে পৌঁছেছে।,1
4,মার্কিন নিষেধাজ্ঞার মধ্যেও এশিয়ার কয়েকটি দেশ ইরান থেকে জ্বালানি তেল আমদানিতে বিশেষ ছাড় পাওয়ার পরও এ পরিস্থিতি তেহরানের অর্থনীতির জন্য বড় চ্যালেঞ্জ বিবেচনা করছেন বিশ্লেষকরা।,মার্কিন নিষেধাজ্ঞার মাঝেও এশিয়ার কিছু দেশ ইরান থেকে তেল আমদানি করে বিশেষ ছাড় পেলেও বিশ্লেষকরা মনে করছেন এর ফলে তেহরানের অর্থনীতি বড় চ্যালেঞ্জের সম্মুখীন হচ্ছে।,1
5,খবর রয়টার্স ও অয়েলপ্রাইসডটকম।,খবর রয়টার্স ও অয়েলপ্রাইসডটকম।,1
6,ইরান থেকে রফতানি হওয়া অপরিশোধিত জ্বালানি তেলের প্রধান ক্রেতা চীন জাপান দক্ষিণ কোরিয়া ও ভারত।,ইরানের অপরিশোধিত জ্বালানি তেলের প্রধান ক্রেতা দেশগুলো হলো চীন জাপান দক্ষিণ কোরিয়া এবং ভারত।,1
7,নতুন করে নিষেধাজ্ঞা কার্যকরের পর ইরান থেকে এশিয়ার এ চার দেশে জ্বালানি পণ্যটির মাসভিত্তিক রফতানির পূর্ণাঙ্গ তথ্য যুক্ত করে প্রতিবেদন প্রকাশ করেছে রয়টার্স।,রয়টার্স জানিয়েছে নতুন করে নিষেধাজ্ঞা কার্যকর হওয়ার পর ইরান থেকে এশিয়া মহাদেশের চারটি দেশে জ্বালানি পণ্যটির মাসভিত্তিক রফতানির সম্পূর্ণ ডেটা নিয়ে প্রতিবেদন প্রকাশ করা হয়েছে।,1
8,ইরানের সরকারি সূত্রের বরাতে প্রতিবেদনে বলা হয়েছে ২০১৮ সালের নভেম্বরে ইরান থেকে এ চার দেশে প্রতিদিন গড়ে ৬ লাখ ৬৪ হাজার ৮০০ ব্যারেল অপরিশোধিত জ্বালানি তেল রফতানি হয়েছে যা আগের বছরের একই সময়ের তুলনায় ১২ দশমিক ৭ শতাংশ কম।,রিপোর্টে বলা হয়েছে যে ২০১৮ সালের নভেম্বরে ইরান থেকে চার দেশে দৈনিক গড়ে ৬ লাখ ৬৪ হাজার ৮০০ ব্যারেল অপরিশোধিত জ্বালানি তেল রফতানি হয়েছে যা আগের বছরের একই সময়ের চেয়ে ১২.৭% কম।,1
9,গত পাঁচ বছরের মধ্যে নভেম্বরে এটাই ইরান থেকে এশিয়ার দেশগুলোয় জ্বালানি তেল রফতানির সর্বনিম্ন রেকর্ড।,গত পাঁচ বছরে নভেম্বরে এশিয়ার দেশগুলোতে ইরান থেকে জ্বালানি তেল রফতানি সর্বনিম্ন হয়েছে যা সর্বকালীন রেকর্ড,1
10,২০১৮ সালের অক্টোবরে ইরান থেকে চীন জাপান দক্ষিণ কোরিয়া ও ভারতে প্রতিদিন গড়ে ৭ লাখ ৬২ হাজার ব্যারেল অপরিশোধিত জ্বালানি তেল রফতানি হয়েছিল।,প্রতিদিন গড়ে ৭ লক্ষ ৬২ হাজার ব্যারেল অপরিশোধিত জ্বালানি তেল ২০১৮ সালের অক্টোবরে ইরান থেকে চীন জাপান দক্ষিণ কোরিয়া ও ভারতে রফতানি হয়েছিল।,1
11,সেই হিসাবে অক্টোবরের তুলনায় গত নভেম্বরে এ চার দেশে ইরান থেকে জ্বালানি পণ্যটির রফতানি কমেছে দৈনিক ৯৮ হাজার ব্যারেল।,অক্টোবরের তুলনায় গত নভেম্বরে এই চার দেশে ইরান থেকে জ্বালানি পণ্যটির রফতানি দৈনিক ৯৮ হাজার ব্যারেল হ্রাস পেয়েছে।,1
12,নিষেধাজ্ঞা কার্যকরের আগে থেকেই ইরান থেকে অপরিশোধিত জ্বালানি তেল আমদানি কমিয়ে দিতে এশিয়ার দেশগুলোর ওপর চাপ তৈরি করেছিল ওয়াশিংটন।,ওয়াশিংটন নিষেধাজ্ঞা বাস্তবায়নের আগে থেকেই ইরান থেকে অপরিশোধিত জ্বালানি তেল আমদানি কমিয়ে দেওয়ার কারণে এশীয় দেশগুলোর উপর চাপ সৃষ্টি করেছিল।,1
13,এর জের ধরে আগস্টের পর থেকেই ইরানি জ্বালানি তেল আমদানি কমিয়ে দেয় জাপান।,জাপান আগস্ট মাসের পর থেকে ইরানি জ্বালানি তেল আমদানি হ্রাস করে।,1
14,এক পর্যায়ে ইরান থেকে জ্বালানি পণ্যটির আমদানি স্থগিত করে দক্ষিণ কোরিয়া।,ইরান এক সময় জ্বালানি পণ্যটির আমদানি স্থগিত করে দক্ষিণ কোরিয়া।,1
15,তবে ভারত দেশটি থেকে অপরিশোধিত জ্বালানি তেল আমদানি অব্যাহত রেখেছিল।,ভারত দেশ থেকে অপরিশোধিত জ্বালানি তেল আমদানি অব্যাহত ছিল।,1
16,নভেম্বরের শুরুতে নিষেধাজ্ঞা কার্যকর হলে ইরান থেকে অপরিশোধিত জ্বালানি তেল আমদানিতে আটটি দেশকে বিশেষ ছাড় দেয় মার্কিন প্রেসিডেন্ট ডোনাল্ড ট্রাম্পের প্রশাসন।,নভেম্বরের শুরুতে নিষেধাজ্ঞা বাস্তবায়িত হওয়ার পরে ইরান থেকে অপরিশোধিত জ্বালানি তেল আমদানিতে আটটি দেশ বিশেষ ছাড় পেয়েছে যা মার্কিন প্রেসিডেন্ট ডোনাল্ড ট্রাম্পের প্রশাসনের একটি সিদ্ধান্ত ছিল।,1
17,এ তালিকায় চীন জাপান দক্ষিণ কোরিয়া ও ভারত রয়েছে।,এই তালিকায় চীন জাপান দক্ষিণ কোরিয়া এবং ভারত অন্তর্ভুক্ত রয়েছে।,1
18,ছাড় পাওয়ার পরও এ চার দেশে জ্বালানি পণ্যটির রফতানি বাড়াতে পারেনি তেহরান।,চুক্তি অনুযায়ী জ্বালানি পণ্যটির রফতানি বাড়াতে পারেনি তেহরান।,1
19,অক্টোবরের তুলনায় নভেম্বরে এসব দেশে ইরান থেকে জ্বালানি তেল রফতানি আরো কমেছে।,অক্টোবর মাস থেকে নভেম্বরে এসব দেশে ইরান থেকে জ্বালানি তেল রফতানি উল্লেখযোগ্যভাবে হ্রাস পেয়েছে।,1
20,এ বিষয়ে রয়টার্সের বিশ্লেষক ওয়াং তাও বলেন ইরানি জ্বালানি তেলের সবচেয়ে বড় ক্রেতা এশিয়ার দেশগুলো।,রয়টার্সের বিশ্লেষক ওয়াং তাও এ বিষয়ে উল্লেখ করেছেন ইরান থেকে জ্বালানি তেল সবচেয়ে বেশি কেনে এশীয় দেশগুলো।,1
21,ছাড়ের আওতায় থাকলেও এসব দেশ ইরান থেকে জ্বালানি পণ্যটি কিনছে না।,বাস্তবসম্মত সুবিধা থাকা সত্ত্বেও এই দেশগুলো ইরান থেকে পেট্রোলিয়াম পণ্য আমদানি করছে না।,1
22,এটি ইরানি অর্থনীতির জন্য বড় একটি চ্যালেঞ্জ।,এটি ইরানের অর্থনীতির জন্য একটি বড় চ্যালেঞ্জ।,1
23,এ পরিস্থিতি ইরানের ক্রমবিকাশমান অর্থনৈতিক প্রবৃদ্ধির গতি শ্লথ করতে পারে।,এই পরিস্থিতি ইরানের ক্রমবর্ধমান অর্থনৈতিক প্রবৃদ্ধির গতিকে ধীর করতে পারে।,1
24,লোকসমাজ ডেস্ক ॥ ঢাকার দুই সিটি করপোরেশন নির্বাচনে বিএনপি'র কাউন্সিলর প্রার্থীদের যাচাই বাছাই কমিটি গঠন করেছে দলটি।,বিএনপি তাদের কাউন্সিলর প্রার্থীদের যাচাই বাছাইয়ের জন্য একটি কমিটি গঠন করেছে যা ঢাকা সিটি করপোরেশন নির্বাচনে অংশ নেবে।,1
25,বিএনপির ভাইস চেয়ারম্যান মোহাম্মদ শাজাহানকে প্রধান সমন্বয়ক করে ঢাকা উত্তর সিটি কর্পোরেশন ও বিএনপি চেয়ারপারসনের উপদেষ্টা আব্দুস সালামকে প্রধান সমন্বয়কারী ঢাকা দক্ষিণ সিটি করপোরেশন নির্বাচনের কাউন্সিলর বাছাই কমিটি করা হয়।,বিএনপির ভাইস চেয়ারম্যান মোহাম্মদ শাজাহানকে প্রধান সমন্বয়ক ও বিএনপি চেয়ারপারসনের উপদেষ্টা আব্দুস সালামকে প্রধান সমন্বয়কারী করে ঢাকা উত্তর ও দক্ষিণ সিটি করপোরেশন নির্বাচনের কাউন্সিলর বাছাই কমিটি গঠন করা হয়েছে।,1
26,বিএনপি চেয়ারপার্সনের মিডিয়া উইংয়ের কর্মকর্তা শায়রুল কবির খান নয়া দিগন্তকে এ তথ্য নিশ্চিত করেন।,বিএনপি চেয়ারপার্সনের মিডিয়া উইংয়ের কর্মকর্তা শায়রুল কবির খান নয়া দিগন্তকে এই বিষয়ে নিশ্চিত করেছেন।,1
27,ঢাকা সিটি উত্তর এর বাছাই কমিটির অন্যান্য সদস্যরা হলেন-বিএনপির ভাইস চেয়ারম্যান আব্দুল আওয়াল মিন্টু যুগ্ন মহাসচিব মোয়াজ্জেম হোসেন আলাল বিএনপি নেতা এম এ কাইয়ুম বজলুল বাসিত আঞ্জু আহসান উল্লাহ আহসান সুলতান আহমেদ।,ঢাকা সিটি উত্তর বাছাই কমিটির অন্যান্য সদস্যরা হলেন - বিএনপির ভাইস চেয়ারম্যান আব্দুল আওয়াল মিন্টু যুগ্ম মহাসচিব মোয়াজ্জেম হোসেন আলাল বিএনপি নেতা এম এ কাইয়ুম বজলুল বাসিত আঞ্জু আহসান উল্লাহ এবং আহসান সুলতান আহমেদ।,1
28,ঢাকা সিটি দক্ষিণে বাছাই কমিটির সদস্যরা হলেন-বিএনপির ভাইস চেয়ারম্যান মোহাম্মদ শাজহান আব্দুল আউয়াল মিন্টু যুগ্ন মহাসচিব হাবিব উন নবী খান সোহেল মহিলা দলের সভাপতি আফরোজা আব্বাস বিএনপি নেতা আবুল বাসার ও নবী উল্লাহ নবী।,ঢাকা সিটি কর্পোরেশন নির্বাচনে বাছাই কমিটিতে রয়েছেন বিএনপির ভাইস চেয়ারম্যান মোহাম্মদ শাজহান আব্দুল আউয়াল মিন্টু যুগ্ন মহাসচিব হাবিব উন নবী খান সোহেল মহিলা দলের সভাপতি আফরোজা আব্বাস এবং বিএনপি নেতা আবুল বাসার ও নবী উল্লাহ নবী।,1
29,এছাড়াও সংরক্ষিত মহিলা কাউন্সিলরদের বাছাইেয় জন্য বিএনপির স্থায়ী কমিটির সদস্য বেগম সেলিমা রহমানকে প্রধান সমন্বয়ক করে একটি কমিটি গঠন করা হয়।,সংরক্ষিত মহিলা কাউন্সিলরদের বাছাইয়ে বিএনপির স্থায়ী কমিটির সদস্য বেগম সেলিমা রহমানকে প্রধান সমন্বয়ক হিসেবে বিশিষ্ট একটি কমিটি গঠন করা হয়েছে।,1
30,কমিটির অন্যান্য সদস্যরা হলেন-মহিলা দলের সভাপতি আফরোজা আব্বাস সাধারণ সম্পাদক সুলতানা আহমেদ জেবা খান এ্যাডভোকেট নিপুন রায় ও মহানগর উত্তর-দক্ষিণ মহিলা দলের সভানেত্রী।,কমিটির অন্যান্য সদস্যরা হলেন - মহিলা দলের সভাপতি আফরোজা আব্বাস সাধারণ সম্পাদক সুলতানা আহমেদ জেবা খান আইনজীবী নিপুন রায় এবং মহানগর উত্তর-দক্ষিণ মহিলা দলের সভানেত্রী।,1
31,বিএনপি চেয়ারপার্সনের মিডিয়া উইং কর্মকর্তা শায়রুল কবির খান নয়া দিগন্তকে বলেন আগামীকাল রোববার সকাল নয়টায় গুলশানে দলের চেয়ারপার্সন বেগম খালেদা জিয়ার রাজনৈতিক কার্যালয়ে ঢাকা উত্তর সিটি কর্পোরেশনের কাউন্সিলর প্রার্থীদের বাছাই কার্যক্রম শুরু হবে এবং একই সময় নয়া পল্টনে দলের কেন্দ্রীয় কার্যালয়ে মহানগর দক্ষিনের কাউন্সিলর বাছাই কার্যক্রম শুরু হবে।,বিএনপি চেয়ারপার্সনের মিডিয়া উইং কর্মকর্তা শায়রুল কবির খান গতকাল নয়া দিগন্তকে জানিয়েছেন আগামীকাল রবিবার সকাল নয়টায় গুলশানে দলের চেয়ারপার্সন বেগম খালেদা জিয়ার রাজনৈতিক কার্যালয়ে ঢাকা উত্তর সিটি কর্পোরেশনের কাউন্সিলর প্রার্থীদের বাছাই কার্যক্রম শুরু হবে। একই সময়ে নয়া পল্টনে দলের কেন্দ্রীয় কার্যালয়ে মহানগর দক্ষিনের কাউন্সিলর বাছাই কার্যক্রমও অনুষ্ঠিত হবে।,1
32,লোকসমাজ ডেস্ক ॥ আওয়ামী লীগের সাধারণ সম্পাদক ওবায়দুল কাদের বলেছেন যে প্রত্যেকের জন্য চাকরি নিশ্চিত করা ক্ষমতাসীন আওয়ামী লীগের জন্য সবচেয়ে বড় চ্যালেঞ্জ।,ওবায়দুল কাদের বলেছেন 'প্রতি মানুষের জন্য চাকরি নিশ্চিত করা ক্ষমতাসীন আওয়ামী লীগের কাছে সবচেয়ে বড় চ্যালেঞ্জ।',1
33,শনিবার রাজধানীর ধানমন্ডি ৩২ নম্বরে জাতির পিতা বঙ্গবন্ধু শেখ মুজিবুর রহমানের প্রতিকৃতিতে শ্রদ্ধা নিবেদনের পর এ কথা জানিয়ে তিনি বলেন ‘দলের অন্য চ্যালেঞ্জগুলো হলো নির্বাচনী প্রতিশ্রুতি বাস্তবায়ন করা এবং গণতন্ত্রের প্রাতিষ্ঠানিকীকরণ।’ এর আগে আওয়ামী লীগ সভাপতি ও প্রধানমন্ত্রী শেখ হাসিনার নেতৃত্বে দলের নব-নির্বাচিত কেন্দ্রীয় কার্যনির্বাহী কমিটি ও উপদেষ্টা পরিষদ জাতির পিতা বঙ্গবন্ধু শেখ মুজিবুর রহমানের প্রতিকৃতিতে পুষ্পস্তবক অর্পণ করে তার স্মৃতির প্রতি শ্রদ্ধা নিবেদন করে।,শনিবার ধানমন্ডি ৩২ নম্বরে জাতির পিতা বঙ্গবন্ধু শেখ মুজিবুর রহমানের প্রতিকৃতিতে শ্রদ্ধা নিবেদন করার পর তিনি বলেন ‘দলের অন্য চ্যালেঞ্জগুলো হলো নির্বাচনী প্রতিশ্রুতি বাস্তবায়ন করা এবং গণতন্ত্রের প্রাতিষ্ঠানিকীকরণ।’ এর আগে আওয়ামী লীগের সভাপতি ও প্রধানমন্ত্রী শেখ হাসিনার নেতৃত্বে দলের নব-নির্বাচিত কেন্দ্রীয় কার্যনির্বাহী কমিটি ও উপদেষ্টা পরিষদ জাতির পিতা বঙ্গবন্ধু শেখ মুজিবুর রহমানের প্রতিকৃতিতে পুষ্পস্তবক অর্পণ করে তার স্মৃতির প্রতি শ্রদ্ধা নিবেদন করে।,1
34,কাদের বলেন ‘আবহাওয়ার কারণে টুঙ্গিপাড়া সফর বাতিল করা হয়েছে।,আবহাওয়ার কারণে টুঙ্গিপাড়া সফর বাতিল করা হয়েছে এটা বলা হয়েছে।,1
35,আগামী ৩ জানুয়ারি কমিটির যৌথ সভা অনুষ্ঠিত হবে।,আগামী ৩ জানুয়ারি তারিখে কমিটির যৌথ সভা অনুষ্ঠিত হওয়ার কথা রয়েছে।,1
36,সেদিনই এ সফরের বিষয়ে সিদ্ধান্ত নেয়া হবে।’ গত ২১ ডিসেম্বর দলের কাউন্সিল অধিবেশনে সভাপতি ও সাধারণ সম্পাদকসহ মোট ৪২টি পদে নির্বাচিতদের নাম ঘোষণা করা হয়।,দিওয়ালীর দিনই এই অভিযানের পরিকল্পনা করা হবে।,1
37,ওই দিন নবমবারের মতো দলের সভাপতির দায়িত্ব দেয়া হয় বঙ্গবন্ধুকন্যা শেখ হাসিনাকে।,শেখ হাসিনাকে ওই দিন নবমবারের মতো দলের সভাপতির দায়িত্ব দেওয়া হয়।,1
38,আর দ্বিতীয় মেয়াদে দলের সাধারণ সম্পাদকের দায়িত্ব পান ওবায়দুল কাদের।,ওবায়দুল কাদেরকে দ্বিতীয়বারের মতো দলের সাধারণ সম্পাদকের দায়িত্ব পাওয়া গেছে।,1
39,সূত্র : ইউএনবি।,সূত্র: ইউএনবি।,1
40,লোকসমাজ ডেস্ক ॥ ঢাকা বিশ্ববিদ্যালয় কোন পেশি শক্তিধরদের ক্যাম্পাস নয় সাধারণ শিক্ষার্থীদের ক্যাম্পাস।,ঢাকা বিশ্ববিদ্যালয় পেশি শক্তিধরদের ক্যাম্পাস নয় এটি সাধারণ শিক্ষার্থীদের ক্যাম্পাস।,1
41,এই ক্যাম্পাসে কোন ধরণের সন্ত্রাসী কার্যক্রম চলতে দেয়া হবে না।,এই ক্যাম্পাসে কোনো প্রকার সন্ত্রাসী কার্যকলাপ সংঘটিত হতে দেওয়া হবে না।,1
42,তাই যারা ক্যাম্পাসে অস্থিতিশীলতা সৃষ্টি করতে চায় তাদের ঠাঁই ঢাবিতে হবে না বলে হুশিয়ারি দিয়েছেন সন্ত্রাসবিরোধী ছাত্র ঐক্যের নেতারা শনিবার দুপুরে ঢাকা বিশ্ববিদ্যালয়ের রাজু ভাষ্কর্যের পাদদেশে আয়োজিত ‘সন্ত্রাসবিরোধী ছাত্র ঐক্যে’ আয়োজিত পদযাত্রায় নেতারা এসব কথা বলেন।,সন্ত্রাসবিরোধী ছাত্র ঐক্যের নেতারা শনিবার দুপুরে ঢাকা বিশ্ববিদ্যালয়ের রাজু ভাস্কর্যের পাদদেশে আয়োজিত পদযাত্রায় হুশিয়ারি দিয়েছেন যে ক্যাম্পাসে অস্থিতিশীলতা সৃষ্টিকারী কোনো ব্যক্তি বা গোষ্ঠীকে ঢাবিতে প্রবেশ করতে দেওয়া হবে না।,1
43,পদযাত্রায় ছাত্র নেতারা বলেন ঢাকসু ভবনে ছাত্রলীগ ও মুক্তিযুদ্ধ মঞ্চের নেতারা ভিপি নূর ও সাধারণ ছাত্র অধিকার পরিষদের নেতা-কর্মীদের উপর হামলা করে প্রমাণ করেছে তারা ক্যাম্পাসে আতঙ্কের পরিবেশ সৃষ্টি করতে চায়।,ছাত্রনেতারা জানিয়েছেন ঢাকা বিশ্ববিদ্যালয় ভবনে ছাত্রলীগ ও মুক্তিযুদ্ধ মঞ্চের সদস্যরা ভিপি নূর এবং সাধারণ ছাত্র অধিকার পরিষদের নেতা-কর্মীদের ওপর হামলা করে যা থেকে ক্যাম্পাসে একটি ভীতিজনক পরিস্থিতি তৈরি করার চেষ্টা করা হয়েছে।,1
44,এখানে শুধু ছাত্র নেতারা নন সাধারণ শিক্ষার্থীরাও কীভাবে নিরাপদ থাকবেন সেটাও এখন প্রশ্ন হয়ে উঠেছে।,বর্তমানে শুধুমাত্র ছাত্র নেতারা নয় সাধারণ শিক্ষার্থীরাও তাদের নিরাপত্তা নিয়ে উদ্বিগ্ন,1
45,একই সময় তারা বিশ্ববিদ্যালয় প্রশাসনের ছত্র-ছায়ায় ক্যাম্পাসে সন্ত্রাসী ও দখলদারিত্বের রাজত্ব চলছে বলে অভিযোগ করেন।,বিশ্ববিদ্যালয় প্রশাসনের আড়ালে ক্যাম্পাসে সন্ত্রাসী কর্মকাণ্ড ও বিশৃঙ্খলা পরিস্থিতি বিরাজ করছে বলে অভিযোগ করা হয়েছে।,1
46,এর আগে ঢাবি ক্যাম্পাসে ১২টি সংগঠনের সমন্বয়ে ‘সন্ত্রাসবিরোধী ছাত্র ঐক্য’ ঘোষণা করা হয়।,এর আগে ঢাকা বিশ্ববিদ্যালয়ের ক্যাম্পাসে ১২টি সংগঠনের সমন্বয়ে ‘সন্ত্রাসবিরোধী ছাত্র ঐক্য’ নামে একটি জোট গঠিত হয়েছে।,1
47,সংগঠনগুলোর মধ্যে রয়েছে সাধারণ ছাত্র অধিকার সংরক্ষণ পরিষদ বাংলাদেশ ছাত্র ইউনিয়ন সমাজতান্ত্রিক ছাত্রফ্রন্ট ছাত্র ফেডারেশন সমাজতান্ত্রিক ছাত্রফ্রন্ট (মার্কসবাদি) বিপ্লবি ছাত্র মৈত্রী বাংলাদেশ ছাত্র ফেডারেশন বিপ্লবি ছাত্র-যুব আন্দোলন বৃহত্তর পার্বত্য চট্টগ্রাম পাহাড়ি ছাত্র পরিষদ নাগরিক ছাত্র ঐক্য স্বতন্ত্র জোট ছাত্র গণমঞ্চ।,সংগঠনগুলোর মধ্যে রয়েছে সাধারণ ছাত্র অধিকার সংরক্ষণ পরিষদ বাংলাদেশ ছাত্র ইউনিয়ন সমাজতান্ত্রিক ছাত্র ফ্রন্ট ছাত্র ফেডারেশন সমাজতান্ত্রিক ছাত্র ফ্রন্ট (মার্কসবাদি) বিপ্লবি ছাত্র মৈত্রী বাংলাদেশ ছাত্র ফেডারেশন বিপ্লবি ছাত্র-যুব আন্দোলন এবং বৃহত্তর পার্বত্য চট্টগ্রাম পাহাড়ি ছাত্র পরিষদ। নাগরিক ছাত্র ঐক্য ও স্বতন্ত্র জোটের সাথে আরো বিভিন্ন ছাত্র সংগঠন যুক্ত রয়েছে।,1
48,লোকসমাজ ডেস্ক ॥ সরকারকে চ্যালেঞ্জ করে কৃষক শ্রমিক জনতা লীগের সভাপতি বঙ্গবীর কাদের সিদ্দিকী (বীর উত্তম) বলেছেন ‘আমি চ্যালেঞ্জ করলাম বাংলাদেশের যে কোন নির্বাচনে অনিয়ম না করে নৌকা যদি পাস করে তাহলে আমি সমুদ্রে গিয়ে ডুব দেব।,কৃষক শ্রমিক জনতা লীগের সভাপতি বঙ্গবীর কাদের সিদ্দিকী (বীর উত্তম) বলেছেন ‘যদি বাংলাদেশের কোনো নির্বাচনে কোনো অনিয়ম না হয় এবং নৌকা প্রতিক পাস করে তাহলে আমি সমুদ্রে ডুব দেব।’,1
49,শনিবার রাজধানীর মহানগর নাট্যমঞ্চে জাতীয় সমাজতান্ত্রিক দলের (জেএসডির) কেন্দ্রীয় সম্মেলনে বিশেষ অতিথির বক্তব্যে তিনি এ চ্যালেঞ্জ করেন।,শনিবার রাজধানীর মহানগর নাট্যমঞ্চে জাতীয় সমাজতান্ত্রিক দলের (জেএসডি) কেন্দ্রীয় সম্মেলনে তিনি একটি বিশেষ অতিথির বক্তব্যে এই চ্যালেঞ্জটি তুলে ধরেন।,1
50,কাদের সিদ্দিকী বলেন এই দেশে কেউ চিরস্থায়ী না।, কাদের সিদ্দিকী বলছেন এই দেশে স্থায়ীত্ব নেই।,1
51,এই কথাটা কেন যে আওয়ামী লীগের লোকেরা ভাবতেছে না আমি সেটাই বুঝি না।,আমি ঠিকই বুঝতে পারি না কেন আওয়ামী লীগের লোকেরা এটা ভাবছে না।,1
52,গত ৩০শে ডিসেম্বরের নির্বাচনে কোন ভোট হয় নাই দাবি করে এই মুক্তিযোদ্ধা বলেন ‘দেশের মানুষ তাদের ভোট দিতে পারে নাই।,গত ৩০শে ডিসেম্বরের নির্বাচনে কোনো ভোট হয়নি বলে এই মুক্তিযোদ্ধা দাবি করেন ‘দেশের মানুষ তাদের ভোট দিতে পারেনি’।,1
53,সাড়ে তিন ’শ সদস্যের এই অবৈধ সংসদ।,সাড়ে তিন-এর হিসাবে এই সংসদ গঠিত হয়েছে তিন হাজার সদস্যের,1
54,ভাত খাওয়ার সময় যেভাবে ভাগ করে দেয়া হয় ঠিক সেভাবে জাতীয় ঐক্যফ্রন্টের আটজনকে নির্বাচিত করে নির্বাচন দেখানো হয়েছিল।,ভাত খাওয়ার সময় যেভাবে ভাগ করে দেওয়া হয় ঠিক সেভাবে জাতীয় ঐক্যফ্রন্টের আটজনকে নির্বাচন করে তাদের নির্বাচন দেখানো হয়েছিল।,1
55,তারা কিন্তু সংসদেও গেছে।’ ঐক্যফ্রন্ট এমপিদের সমালোচনা করে তিনি বলেন ‘যদি সংসদ অবৈধ হয় তাহলে ঐক্যফ্রন্টের যে আটজন গেছে তারাও অবৈধ।,তারা কিন্তু সংসদেও গিয়েছিল। সেক্ষেত্রে ঐক্যফ্রন্টের আট সদস্যের উপস্থিতি অবৈধ কিনা এমন প্রশ্নও উঠলো।,1
56,হয় তারা পদত্যাগ করুক না হয় ৩০ তারিখের আগেই তাদের বহিষ্কার করুন।,তাদের পদত্যাগ করুক অথবা ৩০ তারিখের মধ্যে বহিষ্কার করুন।,1
57,তাহলে দেখবেন মানুষ আপনাদের পেছনে দাঁড়াবে।,তখন আপনারা মানুষের মনোযোগ আকর্ষণ করবেন।,1
58,রাজনীতিতে একদিকে থাকতে হবে।,রাজনীতিতে একদিকে থাকতে হবে।,1
59,সেদিক হচ্ছে মানুষের দিক।,এখানে মানুষটির দিক বিবেচনা করা হচ্ছে।,1
60,মানুষের দিক ছাড়া অন্যদিকে গিয়ে লাভ নাই।’,মানুষ ছাড়া অন্য কিছু নয়।,1
61,লোকসমাজ ডেস্ক ॥ সাবেক প্রধানমন্ত্রী ও বেগম খালেদা জিয়ার নিঃশর্ত মুক্তি এবং বিএনপির ভারপ্রাপ্ত চেয়ারম্যান তারেক রহমানের বিরুদ্ধে দায়েরকৃত মিথ্যা মামলা প্রত্যাহারের দাবিতে রাজধানীতে বিক্ষোভ মিছিল ও সমাবেশ সংক্ষিপ্ত সমাবেশ করেছে বিএনপির অঙ্গ ও সহযোগী সংগঠনের নেতাকর্মীরা।,রাজধানী ঢাকায় বিএনপির অঙ্গ ও সহযোগী সংগঠনের নেতাকর্মীরা সাবেক প্রধানমন্ত্রী ও বেগম খালেদা জিয়া এবং বিএনপির ভারপ্রাপ্ত চেয়ারম্যান তারেক রহমানের বিরুদ্ধে দায়েরকৃত মিথ্যা মামলা প্রত্যাহারের দাবিতে বিক্ষোভ মিছিল ও সমাবেশ করেছে।,1
62,শনিবার বিকেলে একটি বিক্ষোভ মিছিল পল্টন মোড় থেকে শুরু হয়ে বিজয়নগরের কাছে গিয়ে শেষ হয়।,শনিবার বিকেলেই পল্টন মোড় থেকে একটি বিক্ষোভ মিছিল শুরু হয়ে বিজয়নগরে গিয়ে শেষ হয়।,1
63,বিক্ষোভ মিছিলে নেতৃত্ব দেন বিএনপির সিনিয়র যুগ্ম মহাসচিব রুহুল কবির রিজভী।,বিএনপির সিনিয়র যুগ্ম মহাসচিব রুহুল কবির রিজভীর নেতৃত্বে বিক্ষোভ মিছিলে অংশ নেওয়া হয়েছে।,1
64,মিছিলে অন্যদের মধ্যে অংশগ্রহণ করেন বিএনপি জাতীয় নির্বাহী কমিটির সদস্য ও মৎস্যজীবী দলের আহবায়ক রফিকুল ইসলাম মাহতাব নারায়ণগঞ্জ জেলা বিএনপির সহ-সভাপতি মাহমুদুর রহমান সুমন ঢাকা মহানগর দক্ষিণ যুবদলের সাধারণ সম্পাদক গোলাম মাওলা শাহীন মৎস্যজীবী দলের সদস্য সচিব আব্দুর রহিম ছাত্রদলের সহ-সাংগঠনিক সম্পাদক মশিউর রহমান রনি ছাত্রদল নেতা রাজু রহিমসহ বিপুল সংখ্যক নেতাকর্মী।,বিএনপি জাতীয় নির্বাহী কমিটির সদস্য ও মৎস্যজীবী দলের আহবায়ক রফিকুল ইসলাম মাহতাব নারায়ণগঞ্জ জেলা বিএনপির সহ-সভাপতি মাহমুদুর রহমান সুমন ঢাকা মহানগর দক্ষিণ যুবদলের সাধারণ সম্পাদক গোলাম মাওলা শাহীন মৎস্যজীবী দলের সদস্য সচিব আব্দুর রহিম ছাত্রদলের সহ-সাংগঠনিক সম্পাদক মশিউর রহমান রনি ছাত্রদল নেতা রাজু রহিমসহ বিপুল সংখ্যক নেতাকর্মী মিছিলে অংশগ্রহণ করেন।,1
65,মিছিল শেষে এক পথসভায় সংক্ষিপ্ত বক্তব্যে রুহুল কবির রিজভী বলেন বিএনপি চেয়ারপারসন চারবারের সাবেক প্রধানমন্ত্রী দেশনেত্রী বেগম খালেদা জিয়াকে কারামুক্তি না দেয়ার উদ্দেশ্যই হলো-তাকে শারীরিক অসুস্থতায় রেখে জীর্ণ করতে করতে প্রাণ বিপন্ন করা।,মিছিল শেষে এক পথসভায় সংক্ষিপ্ত বক্তব্যে রুহুল কবির রিজভী বলেন বিএনপি চেয়ারপারসন চারবারের সাবেক প্রধানমন্ত্রী দেশনেত্রী বেগম খালেদা জিয়াকে কারামুক্তি না দেয়ার উদ্দেশ্যই হলো-তাকে শারীরিক অসুস্থতায় রেখে জীর্ণ করতে করতে প্রাণ বিপন্ন করা।,1
66,বেগম খালেদা জিয়াকে মুক্তি না দিতে প্রধানমন্ত্রী শেখ হাসিনা আইন আদালত বিচার সবকিছু হাতের মুঠোয় নিয়েছেন।,প্রধানমন্ত্রী শেখ হাসিনা বেগম খালেদা জিয়ার মুক্তি না দেওয়ার জন্য আইন আদালত ও বিচার বিভাগকে নিজের হাতের মুঠোয় নিয়েছেন।,1
67,জনগণের দাবি উপেক্ষা করে গুরুতর অসুস্থ বেগম জিয়াকে তার পছন্দ মতো কোনো বিশেষায়িত হাসপাতালে চিকিৎসার সুযোগ দিতেও বাধা দেয়া হচ্ছে।,বেগম জিয়াকে গুরুতর অসুস্থ থাকা সত্ত্বেও তাঁর পছন্দের কোনো বিশেষায়িত হাসপাতালে চিকিৎসার সুযোগ দেওয়া যায়নি যা জনগণের দাবির পরিপন্থী।,1
68,শারীরিক অবস্থার চরম অবনতি হওয়া সত্বেও বেগম জিয়ার প্রতি সরকারের নিষ্ঠুর আচরণে আজ দেশবাসী চরম ক্ষুদ্ধ।,শারীরিক অবস্থার চরম অবনতি হওয়া সত্ত্বেও বেগম জিয়ার প্রতি সরকারের নিষ্ঠুর আচরণে আজ দেশবাসী চরম ক্ষুব্ধ।,1
69,তিনি বলেন দখলদার প্রধানমন্ত্রী নিজের ক্ষমতাকে কন্টকমুক্ত করতে দেশের স্বাধীনতা-সার্বভৌমত্ব বিক্রি করে দিতেও কুন্ঠিত হচ্ছেন না।,প্রধানমন্ত্রী বলেন তিনি নিজের ক্ষমতাকে বিস্তৃত করতে দেশের স্বাধীনতা-সার্বভৌমত্ব বিক্রি করতে দ্বিধা বোধ করেন না।,1
70,বর্তমানে দেশের স্বাধীনতা যেকোনো সময়ের চেয়ে সবচেয়ে বেশী হুমকির মুখে।,বর্তমানে দেশের স্বাধীনতা সবচেয়ে বেশি ঝুঁকির মধ্যে রয়েছে।,1
71,নিজেদের স্বেচ্ছাচারী কাজে কেউ যাতে জবাবদিহিতা না চায় সেজন্যই তারা গণতন্ত্রকে গোরস্থানে পাঠিয়েছে।,তারা গণতন্ত্রকে গোরস্থানে পাঠিয়ে দিয়েছে যাতে কেউ নিজেদের স্বেচ্ছাচারী কাজে জবাবদিহিতা না চায়।,1
72,বেপরোয়া সরকার জনগণের কোন দাবিকেই আমলে না নিয়ে জনগণকে বন্দী করে রাখতেই অগণতান্ত্রিক দুঃশাসন অব্যাহত রেখেছে।,সরকার জনগণের দাবিকে অগ্রাহ্য করে mantém জনগণকে prisões perpetuando uma ditadura antidemocrática.,1
73,রিজভী প্রধানমন্ত্রীর উদ্দেশে বলেন বেগম খালেদা জিয়াকে বন্দী করে বিনা চিকিৎসায় আপনি অমানবিক কষ্ট দিচ্ছেন আর কষ্ট না দিয়ে তাকে নিঃশর্ত মুক্তি দিন।,প্রধানমন্ত্রীর উদ্দেশ্যে বেগম খালেদা জিয়াকে বন্দী করে বিনা চিকিৎসায় অমানবিক কষ্ট দিচ্ছেন এবং কষ্ট না দিয়ে নিঃশর্ত মুক্তি দিন।,1
74,আমি আবারো অবিলম্বে দেশনেত্রী বেগম খালেদা জিয়ার নিঃশর্ত মুক্তির জোর দাবি জানাচ্ছি।,আমি পুনরায় দ্রুততার সাথে দেশনেত্রী বেগম খালেদা জিয়াকে নিঃশর্ত মুক্তির বিষয়ে পুনর্ব্যক্ত করছি।,1
75,মিছিলে অংশগ্রহণকারী নেতাকর্মীরা বেগম খালেদা জিয়ার নিঃশর্ত মুক্তি এবং বিএনপির ভারপ্রাপ্ত চেয়ারম্যান তারেক রহমানের বিরুদ্ধে দায়েরকৃত মিথ্যা মামলা প্রত্যাহারের দাবিতে বিভিন্ন স্লোগান দেন।,মিছিলে অংশ নেওয়া নেতাকর্মীরা বেগম খালেদা জিয়ার নিঃশর্ত মুক্তির জন্য এবং বিএনপির ভারপ্রাপ্ত চেয়ারম্যান তারেক রহমানের বিরুদ্ধে দায়ের হওয়া মিথ্যা মামলা প্রত্যাহারের লক্ষ্যে স্লোগান দেন।,1
76,লোকসমাজ ডেস্ক ॥ পাকিস্তান ক্রিকেট দলে সাবেক লেগ স্পিনার দানিশ কানেরিয়ার সাথে বর্ণবাদী আচরণ করা হয়েছে বলে- শোয়েব আখতার যে দাবি করেছেন তা উড়িয়ে দিয়েছে দলটির সাবেক তারকা ক্রিকেটাররা।,শোয়েব আখতারের বর্ণবাদী আচরণে অভিযুক্ত হওয়ার পর পাকিস্তান ক্রিকেট দলের সাবেক তারকা ক্রিকেটাররা বিষয়টিকে উড়িয়ে দিয়েছেন।,1
77,সাবেক অধিনায়ক ইনজামাম উল হক শহীদ আফ্রিদি ও ক্যারিয়ারের তুঙ্গে থাকা অবস্থায়ই খ্রিস্টান থেকে মুসলমান হওয়া মোহাম্মাদ ইউসুফ এই বক্তব্যের তীব্র বিরোধীতা করেছেন।,ক্রিকেটার ইনজামাম উল হক শহীদ আফ্রিদি ও মোহাম্মাদ ইউসুফের ক্যারিয়ারের সেরা মুহূর্তে খ্রিস্টান থেকে মুসলিমে ধর্মান্তরিত হওয়ার বিষয়ে তীব্র প্রতিক্রিয়া জানিয়েছেন।,1
78,এক ইউটিউব ভিডিওতে ইনজামাম উল হক বলেছেন পাকিস্তান দলে প্রত্যেক ক্রিকেটারকে সমান দৃষ্টিতে দেখা হয়।,ইনজামাম উল হক এক ইউটিউব ভিডিওতে জানান যে পাকিস্তান দলে সকল ক্রিকেটারকে সমান গুরুত্ব দেওয়া হয়।,1
79,অতীতেও হয়েছে বর্তমানেও হচ্ছে।,অতীতেও এটা ঘটে বর্তমানেও ঘটে।,1
80,ইনজি বলেন ‘দানিশ কানেরিয়া আমার অধিনায়কত্বেই সবচেয়ে বেশি ম্যাচ খেলেছে।,ইনজি বলেন যে দানিশ কানেরিয়া তার অধ্যায়নে সবচেয়ে বেশি ম্যাচ খেলেছে।,1
81,দলে অমুসলিম হওয়ার কারণে কাউকে ভিন্ন চোখে দেখা হচ্ছে এমনটি কখনো ঘটেনি।,দলে কোনো অমুসলিমকে ভিন্ন চোখে দেখা হয় কখনো হয়নি।,1
82,এত ছোট হৃদয়ের মানুষ আমরা নই।,আমাদের হৃদয় এত ছোট নয়।,1
83,কেউ এমন অভিযোগ করলেও বিশ্বাস করবো না।,যদিও কেউ অভিযোগ करे আমি তাতে বিশ্বাস করব না।,1
84,বিগম্যান আরো বলেন যখন আমরা শারজাহ’র মত জায়গাগুলোতে সফরে যেতাম- প্রায়ই ভারত ও পাকিস্তানের খেলোয়াড়রা একই হোটেলে থাকতাম।,বিগম্যান প্রায়ই বলতেন ‘যখন আমরা দু’জন শারজাহ-এর মতো জায়গায় যেতাম তখন প্রায়ই ভারত ও পাকিস্তানের খেলোয়াড়রা একই হোটেলে থাকতেন।’,1
85,সেখানে প্রায়ই দেখতাম দুই দেশের খেলোয়াড়রা একে অন্যের রুমে গল্প-আড্ডা দিচ্ছে এক সাথে খাচ্ছে।,আমি প্রায়ই দেখতাম দুই দেশের খেলোয়াড়রা একসঙ্গে গল্প করত আড্ডা দিত এবং খাবারও খেত।,1
86,সাবেক এই অধিনায়ক বলেন (তারকা লেগস্পিনার) মোশতাক আহমেদ শৈশব থেকে আমার খুব ভালো বন্ধু ছিলেন; কিন্তু আমার নেতৃত্বের সময়ই তাকে বাদ দিয়ে কানেরিয়াকে দলে নিয়েছি ভবিষ্যতের কথা চিন্তা করে।,সাবেক এই অধিনায়ক (তাঁরা উল্লেখ করেছেন) মোশতাক আহমেদ শৈশব থেকে খুবই ঘনিষ্ঠ বন্ধু ছিলেন; তবে আমার অধ্যায়নের সময়েই কানেরিয়াকে দলে ভেυσির সিদ্ধান্ত নিয়েছিলাম ভবিষ্যৎ পরিকল্পনার কথা বিবেচনা করে।,1
87,কাজেই শুধু নামাজ পড়লে দলে নেয়া হয় এই কথা কোন ভিত্তি নেই।,কাজেই শুধু নামাজ পড়লে দলে নেওয়া হয় এই কথাতে কোনো ভিত্তি নেই।,1
88,পাকিস্তান দলের আরেক সাবেক অধিনায়ক ও দানিশ কানেরিয়ার টিমমেট শহীদ আফ্রিদিও এই অভিযোগের বিষয়ে তীব্র ক্ষোভ প্রকাশ করেছন।,শহীদ আফ্রিদিও এই অভিযোগের বিষয়ে তীব্র ক্ষোভ প্রকাশ করেছেন যিনি পাকিস্তান দলের আরেক সাবেক অধিনায়ক ও দানিশ কানেরিয়ার টিমমেট ছিলেন।,1
89,কখনোই ধর্মের ভিত্তিতে কানেরিয়ার সাথে বৈষম্যমূলক আচরণ করার ঘটনা ঘটেনি বলে জোর দিয়ে বলেছেন আফ্রিদি।,আফ্রিদি জোর দিয়ে বলেছেন যে কখনো ধর্মের ভিত্তিতে তার সাথে বৈষম্যমূলক আচরণ করা হয়নি।,1
90,তিনি বলেন কানেরিয়ার সাথে বিভিন্ন পর্যায়ে একসাথে ক্রিকেট খেলেছি দীর্ঘদিন।,দীর্ঘদিন ধরে তিনি কানেরিয়ার সাথে বিভিন্ন স্তরে একসঙ্গে ক্রিকেট খেলেছেন।,1
91,কখনোই এমন কিছু ঘটতে দেখিনি বা শুনিনি।,আমি কখনো এমন কিছু ঘটা বা শোনা হয়নি।,1
92,এদিকে শোয়েব আখতারের অভিযোগের বিষয়ে ক্ষুব্ধ প্রতিক্রিয়া ব্যক্ত করেছেন দলের সাবেক মিডল অর্ডার ব্যাটসম্যান মোহাম্মাদ ইউসুফ।,দলের সাবেক মিডল অর্ডার ব্যাটসম্যান মোহাম্মদ ইউসুফ ক্ষুব্ধ প্রতিক্রিয়া জানিয়েছেন শোয়েব আখতারের অভিযোগের বিষয়ে।,1
93,তিনি নিজেও ক্যারিয়ারের শুরুতে অমুসলিম ছিলেন।,তিনি প্রথমে একজন অমুসলিম ছিলেন পরবর্তীতে তিনি ক্যারিয়ারের শুরুতে একজন অমুসলিম ছিলেন।,1
94,২০০৫ সালে ইসলাম ধর্ম গ্রহণ করে ইউসুফ ইউহানা থেকে হয়ে যান মোহাম্মাদ ইউসুফ।,ইউসুফ ইউহানা ২০০৫ সালে ইসলাম ধর্ম গ্রহণ করে মোহাম্মাদ ইউসুফে পরিণত হন।,1
95,এই ব্যাটিং লিজেন্ড নিজের টুইটার অ্যাকাউন্টে লিখেছেন পাকিস্তান দলে সংখ্যালঘু ক্রিকেটারদের সাথে আচরণ বিষয়ে যে অভিযোগ তোলা হয়েছে তার তীব্র নিন্দা জানাই।,আমি পাকিস্তান দলে সংখ্যালঘু ক্রিকেটারদের সাথে আচরণ বিষয়ে অভিযোগের তীব্র নিন্দা জানাই।,1
96,আমি ওই দলের একজন সদস্য ছিলাম।,আমি পূর্বে ওই দলের অন্তর্ভুক্ত ছিলাম।,1
97,দল সমর্থক ও কর্মকর্তা- সবার কাছ থেকে প্রচুর ভালোবাসা পেয়েছি ক্যারিয়ারে দীর্ঘ সময়ে।,দীর্ঘ কর্মজীবনে আমি কর্মী ও শুভাকাঙ্ক্ষীদের কাছ থেকে আন্তরিক ভালোবাসা পেয়েছি।,1
98,কয়েকদিন আগে শোয়েব আখতার এক টিভি টকশোতে বলেছেন হিন্দু হওয়ার কারণে পাকিস্তানের সাবেক লেগ স্পিনার দানিশ কানেরিয়ার সাথে প্রায়ই বৈষম্যমূলক আচরণ করা হতো।,শোয়েব আখতার সম্প্রতি এক টিভি টকশোতে দাবি করেছেন যে হিন্দু হওয়ার কারণে তাকে প্রায়ই দানিশ কানেরিয়ার সাথে বৈষম্যমূলক আচরণ করা হতো।,1
99,তার সাথে একই টেবিলে খেতে বসতে চাইতো না অনেক ক্রিকেটার।,বহু ক্রিকেটার তার সাথে একই টেবিলে খেতে বসতে চাইতো না।,1
100,পাকিস্তানের হয়ে ৬১ টেস্টের ক্যারিয়ারে ২৬১ উইকেট নিয়েছিলেন লেগস্পিনার দানিশ কানেরিয়া।,লেগস্পিনার দানিশ কানেরিয়া পাকিস্তানের হয়ে ৬১ টেস্টে ২৬১টি উইকেট নিয়েছিলেন।,1
101,১৮ ওয়ানডেতে নিয়েছেন ১৫ উইকেট।,পেশাদার ক্রিকেট খেলায় ১৮টি ওয়ানডে ম্যাচમાં তিনি ১৫টি উইকেট নিয়েছেন।,1
102,ফিক্সিংয়ে জড়িত থাকায় ২০১০ সালে তিনি নিষিদ্ধ হন।,২০১০ সালে ফিক্সিংয়ের সাথে যুক্ত থাকার কারণে তিনি নিষিদ্ধ হন।,1
103,পাকিস্তান দলের হয়ে আন্তর্জাতিক ক্রিকেটে খেলা আরেক হিন্দু ক্রিকেটার অনিল দলপত’র নিকটাত্মীয় দানিশ কানেরিয়া।,অনিল দলপত’র নিকটাত্মীয় দানিশ কানেরিয়া পাকিস্তান দলের হয়ে আন্তর্জাতিক ক্রিকেটে খেলেছেন।,1
104,তৈমূর আলম খন্দকার,তৈমূর আলম খন্দকার,1
105,একটি জাতি ও একটি রাষ্ট্রকাঠামো গঠনের প্রকারভেদ এক নয় এর জন্মগত ইতিহাস ও পদ্ধতি ভিন্নতর।,একটি জাতি এবং রাষ্ট্র কাঠামোগুলোর ভিন্নতা তাদের জন্মগত ইতিহাস ও পদ্ধতির ভিন্নতার ফলস্বরূপ হয়ে থাকে।,1
106,একটি রাষ্ট্র গঠনের পেছনে আন্দোলন সংগ্রাম যুদ্ধবিগ্রহ দখল পুনর্দখল কূটনৈতিক চাল ঈমানদারি বেঈমানি বিশ্বস্ততা বিশ্বাস ঘাতকতা প্রভৃতি জড়িত।,একটি রাষ্ট্রের জন্মলগ্ন আন্দোলনে সংগ্রাম যুদ্ধবিগ্রহ দখল-দখলের মতো বিষয়গুলোর সাথে জড়িত; এর পাশাপাশি কূটনৈতিক তৎপরতা বিশ্বাসযোগ্যতা বিশ্বস্ততা এবং বিশ্বাসের বাস্তবায়ন - এই সবকিছুই গুরুত্বপূর্ণ।,1
107,বাংলাদেশ একটি রাষ্ট্র কিন্তু এ ভূখণ্ডটি বিভিন্ন সময় বিভিন্ন রাষ্ট্রের অন্তর্ভুক্ত ছিল।,যদিও বাংলাদেশ বর্তমানে একটি রাষ্ট্র এর ভৌগোলিক অঞ্চলটি বিভিন্ন সময়ে বিভিন্ন সাম্রাজ্যের অংশ ছিল।,1
108,যেমন- পাকিস্তান ব্রিটিশ মোগল সাম্রাজ্য প্রভৃতি।,যেমন - পাকিস্তান ব্রিটিশ মোগল সাম্রাজ্য প্রভৃতি।,1
109,নিজ ভূখণ্ড থেকে বিচ্ছিন্ন বা কখনো নিজ অস্তিত্ব বিলীন করে অন্য ভূখণ্ডের সাথে সংযুক্ত হওয়া রাষ্ট্রের চারিত্রিক বৈশিষ্ট্য যুগ যুগ ধরে পৃথিবীতে চলে আসছে।,বিভিন্ন রাষ্ট্রের মধ্যে প্রায়শই নিজ দেশ ত্যাগ করে অন্য দেশের সঙ্গে যুক্ত হওয়ার একটি বৈশিষ্ট্য দেখা যায় যা দীর্ঘকাল ধরে পৃথিবীতে প্রচলিত।,1
110,শক্তি যার বেশি তার হাতেই বন্দী হয়েছে রাষ্ট্রীয় কর্তৃত্ব; নীতি আদর্শ মানবতা এখানে বাতুলতামাত্র।,রাষ্ট্রীয় কর্তৃত্ব প্রবল শক্তি ও হাতের উপর নির্ভরশীল যেখানে নীতি আদর্শ ও মানবতা নির্বাসিত।,1
111,কিন্তু জাতি গঠনের বিষয়টি ভিন্নতর যা এক দিনে সৃষ্টি হয় না বা হতে পারে না।,জাতি গঠনের বিষয়টি জটিল এবং এর জন্য দীর্ঘ সময় প্রয়োজন।,1
112,বছরের পর বছর যুগের পর যুগ শতাব্দীর পর শতাব্দী অনুশীলনের মাধ্যমে যে সংস্কৃতি ও ভাবধারা এলাকাভিত্তিক গণমানুষের মধ্যে গড়ে ওঠে তা-ই জাতিসত্তা।,বহু বছর ধরে যুগ যুগ ধরে শতাব্দীর পর শতাব্দী ধরে অনুশীলনের ফলে যে সংস্কৃতি ও ভাবধারা স্থানীয় জনগণের মধ্যে গড়ে ওঠে সেটাই জাতিসত্তা।,1
113,যুদ্ধবিগ্রহ বা আন্দোলন-সংগ্রাম অথবা কূটকৌশলের মাধ্যমে ‘জাতির’ সৃষ্টি হয় না।,যুদ্ধ আন্দোলন-সংগ্রাম অথবা কূটকৌশলের দ্বারা ‘জাতির’ সৃষ্টি হয় না।,1
114,একটি জাতি গঠন ও জাতিসত্তা একটি জনগোষ্ঠীর দীর্ঘ দিন অনুশীলনের ফসলমাত্র।,একটি জাতি গঠন ও জাতিসত্তা একটি জনগোষ্ঠীর দীর্ঘদিনের অনুশীলনের ফল।,1
115,ভৌগোলিক ভাবধারা ও জলবায়ু জাতিসত্তা গঠনে প্রভাব ফেলে কিন্তু রাষ্ট্র গঠনে জাতিসত্তার একটি ব্যাপক প্রভাব রয়েছে।,ভৌগোলিক বৈশিষ্ট্য এবং জলবায়ু জাতিসত্তা তৈরি করতে ভূমিকা রাখে তবে রাষ্ট্র গঠনে জাতিসত্তার প্রভাব অনেক বেশি।,1
116,রাষ্ট্র গঠনের বিষয়টি একটি রাজনৈতিক সিদ্ধান্ত।,রাষ্ট্র গঠনের বিষয়টি রাজনৈতিক সিদ্ধান্ত হিসেবে বিবেচিত হয়।,1
117,কিন্তু জাতি গঠিত হয় পারস্পরিক শ্রদ্ধাবোধ আত্মবিশ্বাস ও আত্মমর্যাদাবোধ থেকে।,জাতি গঠিত হয় পারস্পরিক শ্রদ্ধাবোধ আত্মবিশ্বাস এবং আত্মমর্যাদাবোধের সমন্বয়ে।,1
118,বাঙালি বা বাংলাদেশী জাতিসত্তার বিচার-বিশ্লেষণ করার জন্য ১৭৫৭ ১৯০৫ ১৯১১ এবং ১৯৪৭ ১৯৫২ ১৯৭০-৭১ সালসহ বর্তমান উপ-আন্তর্জাতিক (ভারতবর্ষ) পরিমণ্ডলকে বিশেষভাবে পর্যালোচনা করা দরকার।,বাঙালি বা বাংলাদেশী জাতিসত্তার বিচার-বিশ্লেষণ हेतु ১৭৫৭ ১৯০৫ ১৯১১ ১৯৪৭ ১৯৫২ ১৯৭০-৭১ সালসহ বর্তমান উপ-আন্তর্জাতিক (ভারতবর্ষ) পরিমণ্ডলকে বিশেষভাবে পর্যালোচনাকার্য্য,1
119,বাংলা ভাষা বাঙালিদের একক ভাষা হলেও ভাষাটির প্রকারভেদ বিভিন্ন জেলায় বিভিন্ন রকম।,বাংলা ভাষা বাঙালিদের একটি ভাষা হলেও এর প্রকারভেদ বিভিন্ন জেলায় বিভিন্ন রূপে দেখা যায়।,1
120,পার্বত্য এলাকার ভাষা প্রমিত বাংলা থেকে ভিন্নরূপ যা সাধারণ একজন বাঙালির পক্ষে বোধোদয় হওয়া কষ্টকর।,পর্বতীয় এলাকার ভাষাটি প্রমিত বাংলা থেকে আলাদা এবং একজন সাধারণ বাঙালির জন্য এটি বোঝা কঠিন।,1
121,ভাষাভিত্তিক পাহাড়ি বাঙালি নৃগোষ্ঠী এবং ধর্মভিত্তিক হিন্দু মুসলিম খ্রিষ্টান জৈন বৌদ্ধসহ বিভিন্ন ধর্মাবলম্বী মিলেই বাংলাদেশ।,ভাষা ও ধর্মভিত্তিক পাহাড়ি বাঙালি হিন্দু মুসলিম খ্রিস্টান জৈন বৌদ্ধ ইত্যাদি বিভিন্ন গোষ্ঠীর সমন্বয়ে বাংলাদেশ গঠিত।,1
122,জতিগত দ্বন্দ্ব পৃথিবীর অন্যান্য রাষ্ট্রেও হয়েছে।,পৃথিবীর অন্যান্য দেশগুলোতেও জতিগত দ্বন্দ্ব দেখা গেছে।,1
123,বর্তমানে যা প্রকটভাবে হচ্ছে চীনের উইঘুর ও মিয়ানমারে এবং যা শুরু হয়েছে পাশের রাষ্ট্র ভারতে।,বর্তমানে যা চীন ও মায়ানামে প্রকটভাবে ঘটছে এবং যার সূচনা হয়েছে ভারতে।,1
124,রাষ্ট্রীয় পৃষ্ঠপোষকতায় একটি ক্ষুদ্র গোষ্ঠীকে নিঃশেষ করার মধ্য দিয়েই শুরু হয় গণহত্যা যার বীজ বপন হয় বৈষম্যের মধ্য দিয়ে।,রাষ্ট্রীয় মদদে একটি নির্দিষ্ট গোষ্ঠীকে নির্মূল করার মাধ্যমে গণহত্যার সূচনা হয় যা বৈষম্যের দ্বারা রোপিত হয়।,1
125,ভারত উপমহাদেশের জাতিগত বৈষম্যের ইতিহাস অনেক দীর্ঘতর যা বর্ণনা ইতিহাসবিদদের লেখনীতে পাওয়া যায়।,ভারত উপমহাদেশের জাতিগত বৈষম্যের ইতিহাস দীর্ঘ এবং এটি বর্ণনা ইতিহাসবিদদের লেখনীতে পাওয়া যায়।,1
126,প্রখ্যাত রাজনীতিবিদ মওলানা আবুল কালাম আজাদ প্রণীত ‘ভারত স্বাধীন হলো’ বইয়ে তিনি লিখেছেন- ‘এই সময়ে আমি তখনকার একজন বাঘা বিপ্লবীকর্মী শ্যামসুন্দর চক্রবর্তীর সংস্পর্শে আসি।,মওলানা আবুল কালাম আজাদ রচিত ‘ভারত স্বাধীন হলো’ শীর্ষক বইটিতে তিনি উল্লেখ করেছেন যে ‘এই সময়ে তিনি তৎকালীন একজন গুরুত্বপূর্ণ বিপ্লবী শ্যামসুন্দর চক্রবর্তীর সাথে পরিচিত হন।’,1
127,ফলে আমি বিপ্লবী রাজনীতির দিকে ঝুঁকি ও ছোট ছোট উপদলের একটিতে ঢুকে পড়ি।,এ কারণে আমি বিপ্লবী রাজনীতির ঝুঁকি নিয়ে এবং অল্প সংখ্যক দলের মধ্যে যোগদান করি।,1
128,সে সময় বিপ্লবী দলগুলোতে শুধু হিন্দু মধ্যবিত্ত শ্রেণীর লোকদেরই নেয়া হতো।,তখন বিপ্লবী দলে শুধুমাত্র হিন্দু মধ্যবিত্ত শ্রেণীর মানুষেরা অন্তর্ভুক্ত হতেন।,1
129,সত্যি বলতে কি বিপ্লবী দলগুলো তখন ছিল কায়মনোবাক্যে মুসলিমবিরোধী’ (সূত্র : ভারত স্বাধীন হলো পৃষ্ঠা ১২)।,সত্যি বলতে কি বিপ্লবী দলগুলো তখন কায়মনোবাক্যে মুসলিমবিরোধী ছিল (সূত্র: ভারত স্বাধীন হলো পৃষ্ঠা ১২),1
130,জওয়াহেরলাল নেহরুকে লেখক বইটি উৎসর্গ করেছেন।,বইটি জওয়াহেরলাল নেহরুকে উৎসর্গ করা হয়েছে।,1
131,লেখকের অসিয়ত অনুযায়ী তার মৃত্যুর ৩০ বছর পর বইটি প্রকাশ করা হয়েছে।,লেখকের ইচ্ছানুসারে তার মৃত্যুর পর ৩০ বছর পর বইটি প্রকাশিত হয়েছে।,1
132,ইতিহাস সাক্ষ্য দেয় দ্বিজাতিতত্ত্বের পক্ষে কায়েদে আযম মোহাম্মদ আলী জিন্নাহর চেয়ে উচ্চবর্ণের হিন্দু নেতাদের দাবি ছিল জোরদার।,ঐতিহাসিক দলিল অনুযায়ী দ্বিজাতিতত্ত্বের সমর্থনে জোড়ালো দাবি পেশ করেছিলেন উচ্চবর্ণের হিন্দু নেতারা যা কায়েদে আযম মোহাম্মদ আলী জিন্নাহর দাবির চেয়ে বেশি গুরুত্বপূর্ণ ছিল।,1
134,মিয়ানমার ও ভারতের নাগরিকত্ব আইন এবং চীনের উইঘুরে মুসলিম নিধন একই সূত্রে গাথা।,মিয়ানমার ভারত এবং চীনের উইঘুর অঞ্চলে মুসলিমদের ওপরের ঘটনাগুলো আন্তঃসম্পর্কিত।,1
135,রোহিঙ্গা মুসলমানদের মিয়ানমার থেকে বিতাড়িত করার প্রশ্নে চীন ও ভারত বাংলাদেশের বন্ধুরাষ্ট্র বলে পরিচিত হলেও আন্তর্জাতিক পরিমণ্ডলে বাংলাদেশ বন্ধুরাষ্ট্রগুলোর কোনো ধরনের সহযোগিতা বা সমর্থন পায়নি।,চীন ও ভারত রোহিঙ্গা মুসলমানদের মিয়ানমার থেকে বিতাড়িত করার প্রশ্নে বাংলাদেশকে বন্ধুরাষ্ট্র হিসেবে চিহ্নিত না হলেও আন্তর্জাতিক মহলে বাংলাদেশ বন্ধুরাষ্ট্র হিসেবে সহযোগিতা বা সমর্থন পায়নি।,1
136,তার পরও এ জটিল সমস্যার বোঝা বাংলাদেশকে একাই বইতে হচ্ছে; যার সমাধানের জন্য বাংলাদেশের পাশে মুসলিম দেশগুলোই এগিয়ে এসেছে ধর্মনিরপেক্ষ বা মানবতার নামধারী ভেটো পাওয়ায় ক্ষমতাপ্রাপ্ত রাষ্ট্রগুলো এগিয়ে আসেনি।,এত প্রতিকূলতা সত্ত্বেও বাংলাদেশ এই জটিল সমস্যাটির প্রায়োগিক দায়িত্ব একা বহন করছে। এর সমাধানে মুসলিম দেশগুলো ধর্মনিরপেক্ষতার আড়ালে মানবতার নামে ভেটো দেখিয়ে এড়িয়ে গেছে যার ফলে ক্ষমতাধর রাষ্ট্রগুলো এগিয়ে আসেনি।,1
137,তবে কেউ কেউ শুধু উদ্বেগ জানিয়েছে যা শুধু ছিল লোক দেখানোর পার্শ্বক্রিয়া মাত্র।,তবে কিছু ক্ষেত্রে শুধুমাত্র লোক দেখানোর জন্য উদ্বেগ প্রকাশ করা হয়েছে যা পার্শ্বপ্রতিক্রিয়া ছিল।,1
138,১৭৫৭ সালে তৎকালীন কিছু উচ্চপদস্থ রাষ্ট্রীয় কর্মকর্তা বিশেষ করে প্রধান সেনাপতি মীর জাফর আলী খানের বেঈমানির কারণে ৬৫ হাজার সৈন্য থাকা সত্ত্বেও স্বাধীন নবাব সিরাজউদ্দৌলাকে পরাজয় বরণ করতে হয়ে ছিল ব্রিটিশের তিন হাজার ৫০০ সৈন্যের কাছে।,ব্রিটিশদের তিন হাজার ৫০০ সৈন্যের কাছে ৬৫ হাজার সৈন্যসহ স্বাধীন নবাব সিরাজউদ্দৌলা ১৭৫৭ সালে পরাজয় বরণ করেছিলেন যা তৎকালীন কিছু উচ্চপদস্থ রাষ্ট্রীয় কর্মকর্তা বিশেষ করে প্রধান সেনাপতি মীর জাফর আলী খানের বেআইনি কার্যকলাপের ফলস্বরূপ ঘটেছিল।,1
139,সে দিন যদি বেঈমানি না হতো তবে ভারতবর্ষের ইতিহাস ভিন্নতর হতো।,যদি কোনো দিন বেঈমানি না থাকত তাহলে ভারতের ইতিহাস অন্যরকম হত।,1
140,পৃথিবীতে ঈমানদারিত্বের চেয়ে বেঈমানির ইতিহাস অনেক বড় যার কালিমা থেকে ভারতবর্ষ বাদ পড়ে না।,পৃথিবীতে বেঈমানির ইতিহাস ঈমানদারিত্বের চেয়ে অনেক বড় এবং এর কালিমা থেকে ভারতবর্ষ বাদ পড়ে না।,1
141,জনসংখ্যার গুরুত্ব শিক্ষাবিস্তারসহ গণমানুষের জীবনযাত্রার মানোন্নয়নের জন্য তৎকালীন মুসলিম নেতৃত্ব বিশেষ করে স্যার সলিমুল্লাহর নেতৃত্বে গণদাবির মুখে ব্রিটিশ সরকার পূর্ববঙ্গ ও আসামকে যুক্ত করত : ঢাকাকে রাজধানী করে ১৯০৫ সালে একটি প্রদেশ গঠন করে।,গণমানুষের জীবনযাত্রার মানোন্নয়নে জনসংখ্যার গুরুত্ব বিবেচনা করে ব্রিটিশ সরকার বিশেষ করে স্যার সলিমুল্লাহর নেতৃত্বে গণদাবির প্রতিক্রিয়ায় পূর্ববঙ্গ ও আসামকে যুক্ত করত। ঢাকাকে রাজধানী করে ১৯০৫ সালে একটি প্রদেশ গঠিত হয়।,1
142,কিন্তু ভারতের উচ্চবর্ণের হিন্দুরা এ প্রদেশ মেনে নেয়নি।,তবে ভারতীয় উপমহাদেশের উচ্চবর্ণের হিন্দুরা এই অঞ্চলটিকে স্বীকৃতি দেয়নি।,1
143,তাদের আন্দোলনের কারণে ১৯১১ সালে বঙ্গভঙ্গ রদ হয়ে গেলে আবার পূর্ববঙ্গ ও আসাম রাজধানী কলকাতার অধীনে চলে যায়।,১৯১১ সালে তাদের আন্দোলনের ফলস্বরূপ বঙ্গভঙ্গ রদ হয় এবং এর ধারাবাহিকতায় পূর্ববঙ্গ ও আসাম পুনরায় কলকাতার অধীনে আসে।,1
144,ভারত স্বাধীনতা আইন ১৯৩৫ ব্রিটিশ পার্লামেন্টে অনুমোদন হওয়ার পরই ব্রিটিশ থেকে ভারতবর্ষ স্বাধীন হওয়ার কার্যক্রম আনুষ্ঠানিকভাবে শুরু হয়।,স্বাধীনতা আইন ১৯৩৫ ব্রিটিশ পার্লামেন্টে পাস হওয়ার পর থেকেই ব্রিটিশ ভারত আনুষ্ঠানিকভাবে স্বাধীনতা লাভের প্রক্রিয়া শুরু হয়েছিল।,1
145,ব্রিটিশ সহজভাবে ভারতের স্বাধীনতা মেনে নেয়নি।, britanniqueরা সহজভাবে ভারতের স্বাধীনতা মেনে নেয়নি।,1
146,ব্রিটিশ ভারতকে লুট করেছে ভারতীয় সংস্কৃতিতে পশ্চিমা সংস্কৃতি অনুপ্রবেশ ঘটিয়েছে খান বাহাদুর রায় বাহাদুর স্যার নানা ধরনের উপাধি দিয়ে ব্রিটিশরা ভারতীয় হিন্দু-মুসলমানের মধ্যে দালালশ্রেণী সৃষ্টি করে ‘ডিভাইড অ্যান্ড রুল’ নীতি অনুসরণ করে বৈষম্যের আনুষ্ঠানিক প্রচলন এ দেশে জন্ম দিয়েছে।,ব্রিটিশ ভারতকে saqueado ভারতীয় সংস্কৃতিতে পশ্চিমা সংস্কৃতি অনুপ্রবেশ ঘটিয়েছে খান বাহাদুর রায় বাহাদুর স্যার নানা ধরনের উপাধি দিয়ে ব্রিটিশরা ভারতীয় হিন্দু-মুসলমানের মধ্যে দালালশ্রেণী সৃষ্টি করে ‘ডিভাইড অ্যান্ড রুল’ নীতি অনুসরণ করে বৈষম্যের আনুষ্ঠানিক প্রচলন এ দেশে জন্ম দিয়েছে।,1
147,সবচেয়ে বড় কথা এই যে জনস্বার্থবিরোধী একটি আমলাতান্ত্রিক সংস্কৃতি প্রতিষ্ঠা করেছে ব্রিটিশ সরকার যার ধারাবাহিকতা এখনো চলমান।,ব্রিটিশ সরকার একটি জনস্বার্থবিরোধী আমলাতান্ত্রিক সংস্কৃতি প্রতিষ্ঠা করেছে যার ধারাবাহিকতা আজও বিদ্যমান।,1
148,আমাদের রাষ্ট্র স্বাধীন হয়েছে (১৯৪৭ ও ১৯৭১) দুইবার কিন্তু আমলাতান্ত্রিক রীতিনীতি ব্রিটিশের প্রভাবেই প্রভান্বিত চারিত্রিক বৈশিষ্ট্য দেশপ্রেম ও মর্যাদাবোধ এখনো পরাধীনতার মানসিকতারই চলছে ফলে আগে এ দেশ ও জাতি শোষিত হয়েছে ব্রিটিশ পাকিস্তানি দিয়ে এখন নিজেদের মধ্যেই শোষক শ্রেণীর সৃষ্টি হয়েছে।,আমাদের রাষ্ট্র স্বাধীনতা লাভ করেছে (১৯৪৭ এবং ১৯৭১) দুইবার। তবে আমলাতান্ত্রিক রীতিনীতির কারণে দেশপ্রেম ও মর্যাদাবোধের অভাব দেখা যায় যা পরাধীনতার মানসিকতাকে জিইয়ে রেখেছে। এর ফলস্বরূপ পূর্বে দেশ ও জাতি ব্রিটিশ ও পাকিস্তানীদের দ্বারা শোষিত হয়েছিল এবং বর্তমানে নিজেদের মধ্যেই শোষক শ্রেণী বিদ্যমান।,1
150,জাতিগত বৈষম্যের মূল নায়ক ভারত সরকার স্বয়ং।,জাতিগত বৈষম্যের প্রধান চালিকাশক্তি ভারত সরকার।,1
151,তবে ধর্ম-বর্ণ নির্বিশেষে ভারতীয় জনগণের ভূমিকা প্রশংসনীয়।,ধর্ম-বর্ণ নির্বিশেষে ভারতীয় জনগণের ভূমিকা অত্যন্ত প্রশংসনীয়।,1
152,যেমন- বাংলাদেশের মুক্তিযুদ্ধে আমেরিকা পাকিস্তান সরকারকে সমর্থন করলেও জনগণ ছিল স্বাধীনতাকর্মীদের পক্ষে।,মার্কিন যুক্তরাষ্ট্র মুক্তিবাহিনীর প্রতি সমর্থন দিয়েছিলো পাশাপাশি পাকিস্তান সরকারকে সমর্থন করেছিল।,1
153,ফলে জনগণ ও সরকারের চিন্তা এক ও অভিন্ন তা বলা যাবে না।,জনগণ এবং সরকারের চিন্তাভাবনা এক ছিল না তা বলা যায় না।,1
154,বরং শোষণ-বৈষ্যম্যের বিরুদ্ধে জনগণই সঠিক পথের দিকনির্দেশক এবং সর্বশেষ জয়ের মালা যাদের গলায় শোভাবর্ধন করেছে তারাই হলো জনগণ।,শোষণের বিরুদ্ধে জনগণই সঠিক পথনির্দেশক এবং যারা এই জয়ের মালা ধারণ করেছে তারাই জনগণ।,1
155,তবে এর মধ্য দিয়ে স্বার্থান্বেষী মহল সুবিধাবাদী ও সুবিধাভোগীরা যে যতটুকু পারে ততটুকুই জনস্বার্থ লুট করে নিয়ে গেছে।,কিন্তু এই পরিস্থিতিতে স্বার্থান্বেষী গোষ্ঠী এবং সুবিধাভোগীরা জনস্বার্থের যতটুকু অংশ লুটে নিয়েছে তা ততটুকুই।,1
156,ইতিহাসের পেছনে তাকালে দৃশ্যমান হয় যে মোদি ও অমিত শাহ নেতৃত্বাধীন ভারতে এখন যা ঘটছে তা হলো দ্বিজাতিতত্ত্বের বাস্তবায়ন।,ইতিহাস পর্যালোচনা করলে দেখা যায় মোদী ও অমিত শাহের নেতৃত্বাধীন ভারতে দ্বিজাতিতত্ত্বের বাস্তবায়ন ঘটছে।,1
157,মুসলিম লিগের উদ্যোগে ১৯৪০ সালে লাহোর প্রস্তাবে ‘টু ন্যাশন থিওরি’ অর্থাৎ দ্বিজাতিতত্ত্ব পাস করে।,১৯৪০ সালে লাহোর প্রস্তাবে মুসলিম লীগ কর্তৃক ‘টু ন্যাশন থিওরি’ বা দ্বিজাতিতত্ত্বের ধারণাটি অনুমোদিত হয়।,1
158,কিন্তু ১৯০৫ সালে বঙ্গভঙ্গের পরই হিন্দুদের জন্য আলাদা রাষ্ট্র গঠনের দাবি ওঠে ১৯০৮ সাল থেকেই।,১৯০৫ সালের বঙ্গভঙ্গের ঘটনার পর হিন্দুদের মধ্যে পৃথক রাষ্ট্র গঠনের দাবি সূত্রপাত হয় যা ১৯০৮ সাল থেকে বিশেষভাবে জোরালো হয়ে ওঠে।,1
159,মুসলমান ও ক্রিশ্চিয়ানদের ভারত থেকে বের করে দেয়ার যুক্তি দিয়ে সাম্প্রদায়িক গবেষক বিনায়ক দামোদর সভারকার ১৯২৩ সালে ‘হিন্দুত্ব’ বইটি প্রকাশ করেন।,বিনায়ক দামোদর সভারকার ১৯২৩ সালে ‘হিন্দুত্ব’ নামক বইটি প্রকাশ করেন যেখানে মুসলমান ও ক্রিশ্চিয়ানদের ভারত থেকে বের করে দেওয়ার যুক্তির অবতারণা করা হয়েছিল।,1
160,সে ধ্যান-ধারণাকে লালন করে শুধু মুসলিম নিধনের জন্য ভারতের এই এনআরসি উদ্যোগ।,সে ধ্যান-ধারণাকে লালন করে যার ফলস্বরূপ ভারতের এই এনআরসি উদ্যোগ শুধুমাত্র মুসলিমদের নিধন করার উদ্দেশ্যে নেওয়া হয়েছে।,1
161,কেউ কেউ স্মৃতি ভুলে গেলেও অতীত তো ইতিহাসের পাতায় লেখা থাকে।,যদিও কেউ স্মৃতি হারালেও অতীত কালের ইতিহাস আজও লিপিবদ্ধ আছে।,1
162,ইতিহাস ভুলে যাওয়ার কথা নয় তবে অতীত থেকে মানুষ শিক্ষা নিতে চায় না।,ইতিহাসকে ভুলে যাওয়া উচিত নয় কিন্তু মানুষ অতীত থেকে শিক্ষা নিতে ব্যর্থ হয়।,1
163,স্মৃতিকে ভুলে যাওয়াকে একটি রোগ উল্লেখ করে বিশেষজ্ঞরা এর নাম দিয়েছেন ডিমেনশিয়া।,বিশেষজ্ঞগণ স্মৃতিকে ভুলে যাওয়াকে ডিমেনশিয়া নামক একটি রোগ হিসেবে চিহ্নিত করেছেন।,1
164,বিশেষজ্ঞদের মতে বাংলাদেশে এ রোগীর সংখ্যা ১০ লাখ ২০৫০ সালে পৃথিবীতে এ রোগীর সংখ্যা দাঁড়াবে ১৫ কোটিরও বেশি।,বিশেষজ্ঞদের মতে বাংলাদেশে এই রোগীর সংখ্যা এবং ২০৫০ সালে পৃথিবীতে এ রোগীর সংখ্যা দাঁড়াবে ১৫ কোটির বেশি।,1
165,বিশেষজ্ঞদের মতে মোট জনসংখ্যার একটি অতি ক্ষুদ্র অংশ অতীত ভুলে যায় স্মৃতিশক্তি নষ্ট হওয়ার কারণে কিন্তু মূল জনস্রোত কিন্তু ইতিহাস ভোলার কথা নয়।,বিশেষজ্ঞদের মতে মোট জনসংখ্যার একটি অতি ক্ষুদ্র অংশ স্মৃতিশক্তি হ্রাস পাওয়ার কারণে অতীত ভুলে যেতে পারে তবে মূল জনস্রোত কিন্তু ইতিহাস ভোলা উচিত নয়।,1
166,অতীতকে জানার সুযোগ মানুষের রয়েছে কিন্তু ভবিষ্যৎকে জানার বা দেখার কোনো সুযোগ নেই।,মানুষের অতীত জানার সুযোগ আছে কিন্তু ভবিষ্যৎ দেখার বা জানার কোনো সুযোগ নেই।,1
167,কারণ সৃষ্টিকর্তা জোর দিয়েই বলেছেন ‘গায়েব’কে জানার জ্ঞানের একমাত্র মালিক তিনি যিনি সব কিছুর সৃষ্টিকর্তা; কুরআনের ভাষায় ‘আলিমুল গায়েব’।,সৃষ্টিকর্তা সর্বজ্ঞানী তিনি গায়েবেরাও তাঁরই জ্ঞানে; কুরআনে তিনি ‘আলিমুল গায়েব’ হিসেবে বর্ণিত।,1
168,ভবিষ্যৎ সম্পর্কে কেউ যদি জানত তবে কেউই বাংলাদেশে রাষ্ট্রীয় ক্ষমতায় নিজেকে অধিষ্ঠিত করত না।,যদি কেউ ভবিষ্যতে জানতে পারত তবে কেউ বাংলাদেশে রাষ্ট্রীয় ক্ষমতায় নিজেকে অধিষ্ঠিত করত না।,1
169,বাংলাদেশে যারাই রাষ্ট্রীয় ক্ষমতার স্বাদ ভোগ করেছে তাদের পরিণত সুখকর হয়নি।,যারা বাংলাদেশে রাষ্ট্রীয় ক্ষমতার স্বাদ গ্রহণ করেছে তারা পরিতৃপ্ত ছিল না।,1
170,প্রতিহিংসাপরায়ণ এবং প্রতিপক্ষকে অত্যাচার-নির্যাতনের মানসিকতাপূর্ণ এ সমাজব্যবস্থায় রাষ্ট্রীয় ক্ষমতার ইতিহাস খুবই করুণ এবং নির্মম।,ক্ষোভ-পরিকর এবং প্রতিপক্ষকে মানসিক নির্যাতন ও অত্যাচারের মানসিকতা বিদ্যমান এমন সমাজব্যবস্থায় রাষ্ট্র ক্ষমতার ইতিহাস অত্যন্ত দুঃখজনক এবং হৃদয়বিদারক।,1
171,প্রসঙ্গক্রমে উল্লেখ্য এ দেশের আইনশৃঙ্খলা বাহিনীর হাতে খুন হয়েছেন দুইজন রাষ্ট্রপতি (বঙ্গবন্ধু শেখ মুজিব ও শহীদ রাষ্ট্রপতি জেনারেল জিয়া)।,আলোচনার প্রেক্ষিতে বলা যায় দেশের আইনশৃঙ্খলা রক্ষাকারী বাহিনীতে নিহত হয়েছেন দুই জন রাষ্ট্রপতি—বঙ্গবন্ধু শেখ মুজিবুর রহমান এবং শহীদ রাষ্ট্রপতি জেনারেল জিয়া।,1
172,ক্ষমতা হারিয়ে কারাবন্দী হয়েছেন রাষ্ট্রপতি এরশাদ।,রাষ্ট্রপতি এরশাদ ক্ষমতা হারিয়ে কারাবন্দী হয়েছিলেন।,1
173,জাতীয় সংসদের মাধ্যমে অপসারিত হওয়ার আশঙ্কায় পদত্যাগ করেছেন রাষ্ট্রপতি বি. চৌধুরী।,রাষ্ট্রপতি বি. চৌধুরীর অপসারণের জল্পনা চলার মধ্যেই জাতীয় সংসদ থেকে পদত্যাগ করেছেন তিনি।,1
174,প্রভাবশালী দুই নারী প্রধানমন্ত্রী কারাবন্দী হয়েছেন যার মধ্যে একজন এখনো কারাভোগ করছেন।,দুজন প্রভাবশালী নারী প্রধানমন্ত্রী যাদের মধ্যে একজন এখনও কারাবন্দী তাঁদের বিষয়টি বিশেষভাবে উল্লেখযোগ্য।,1
175,প্রভাবশালী এমন কোনো মন্ত্রী নেই যারা কারাভোগ করেননি।,এমন কোনো মন্ত্রী প্রভাবশালী ব্যক্তিত্ব নন যারা কারাভোগ করেননি।,1
176,যারা ঠুঁটো জগন্নাথ রাষ্ট্রপতি বা প্রধানমন্ত্রী ছিলেন তাদের কারাভোগ করতে হয়নি।,যাদের ঠাঁই হয়েছিল রাষ্ট্রপতি বা প্রধানমন্ত্রীর পদে তাদের কখনও কারাবাস করতে হয়নি।,1
177,সাবেক স্বরাষ্ট্রমন্ত্রীদের মধ্যে অনেকেই ক্ষমতা হারিয়ে প্রকাশ্যে জনসম্মুখে পুলিশের পিটুনি খেয়েছেন তারা হলেন- মোহাম্মদ নাসিম মতিন চৌধুরী আলতাফ চৌধুরী ও বাবর।,সাবেক স্বরাষ্ট্রমন্ত্রীদের মধ্যে মোহাম্মদ নাসিম মতিন চৌধুরী আলতাফ চৌধুরী ও বাবর জনসম্মুখে পুলিশের পিটুনি খেয়েছেন।,1
178,গলাধাক্কা খেয়ে প্রধান বিচারপতি এস কে সিনহা দেশত্যাগে বাধ্য হয়েছেন বর্তমানে দুদক মামলায় কারাগার তাকে ডাকছে যদিও দুদককে তিনিই শক্তিশালী করে দিয়েছেন।,প্রধান বিচারপতি এস কে সিনহা গলাধাক্কা খেয়ে বর্তমানে দুদকের মামলায় তাকে দেশত্যাগে বাধ্য হয়েছেন যেখানে দুদককে তিনিই শক্তিশালী করে দিয়েছিলেন।,1
179,তার মতে রাজনীতিবিদরা সবাই দুর্নীতিবাজ।,তার ধারণা ছিল যে রাজনীতিবিদদের মধ্যে প্রায় সকলেই দুর্নীতিগ্রস্ত।,1
181,এ দেশে ক্ষমতাভোগীদের ভাগ্যের নির্মম পরিহাস- কখন কী হয় তা কেউই আঁচ করতে পারে না।,এই দেশে ক্ষমতাশালী ব্যক্তিদের জীবন সবসময় অপ্রত্যাশিত ঘটনার দ্বারা প্রভাবিত হয় যার পরিণতি সম্পর্কে তারা আগে থেকে ধারণা করতে পারে না।,1
182,৩০ টাকার ইফতারি কখন কার ভাগ্যে জোটে তা বলা যায় না।,৩০ টাকার ইফতারি কখন কার ভাগ্যে উঠবে তা বলা যায় না।,1
183,কখন কে কারাগারে রাজার হালে থাকে বা থাকবে তা ও অনিশ্চিত।,কখনও কখনও কে কারাবন্দী থাকবে বা থাকবে তা এখনও নিশ্চিত নয়।,1
184,প্রধানমন্ত্রী শেখ হাসিনা সম্প্রতি একটি নির্মম সত্য প্রকাশ করেছেন।,প্রধানমন্ত্রী শেখ হাসিনা সম্প্রতি একটি কঠোর সত্য প্রকাশ করেছেন।,1
185,তিনি বলেছেন বঙ্গবন্ধু লাশ যখন সিঁড়িতে পড়ে ছিল তখন দলের এত নেতাকর্মী ছিল কোথায়?,তিনি জানান বঙ্গবন্ধু-এর মৃতদেহ যখন সিঁড়িতে পড়ে ছিল তখন সেখানে দলের এত নেতাকর্মী ছিলেন কীভাবে?,1
186,বাঙালি বা বাংলাদেশী জাতিসত্তা লাইনচ্যুত হয়ে কি খাদের কিনারে নাকি নীড়হারা পাখির মতো শুধু উন্নয়নের আকাশে উড়ে বেড়াচ্ছে নাকি পথের সন্ধান পেয়ে গন্তব্যস্থলের দিকে এগোচ্ছে- বিষয়গুলো অনেক অনেক প্রণিধানযোগ্য।,বাঙালি বা বাংলাদেশী জাতিসত্তা কি খাদের কিনারে পড়ে যাচ্ছে নাকি উন্নয়নের আকাশে শুধু উড়ে বেড়াচ্ছে অথবা পথের সন্ধান পেয়ে গন্তব্যস্থলের দিকে এগিয়ে যাচ্ছে – এই বিষয়গুলো অনেক অনেক প্রণিধানযোগ্য।,1
187,ইট-সিমেন্টের উন্নয়ন দিয়ে জাতিসত্তার মর্যাদার মাপকাঠি নিরূপণ করা যায় না।,ইট-সিমেন্টের মাধ্যমে জাতিসত্তার মর্যাদা নির্ণয় করা যায় না।,1
188,‘উন্নয়ন কারো সমষ্টিগত মর্যাদা সম্মানবোধ পারস্পরিক শ্রদ্ধা জমাটবদ্ধ করে না।,কোনো সম্প্রদায়ের উন্নতি পারস্পরিক মর্যাদা সম্মান এবং শ্রদ্ধার মাধ্যমে সমন্বিত হয়না।,1
189,ফলে বর্তমানে ‘জিরো টলারেন্স’ নামক একটি কালচার আবিষ্কার হয়েছে যা আদর্শিকভাবে প্রয়োগ না হয়ে ব্যবহৃত হচ্ছে রাজনৈতিক প্রতিপক্ষের বিরুদ্ধে।,বর্তমানে ‘জিরো টলারেন্স’ নামক একটি কালচার আবিষ্কৃত হয়েছে যা রাজনৈতিক প্রতিপক্ষের বিরুদ্ধে প্রয়োগের উদ্দেশ্যে ব্যবহৃত হচ্ছে আদর্শিক প্রয়োগে নয়।,1
190,বর্তমান জাতিসত্তা শুধু ক্ষমতার পাশে থাকতে চায় আদর্শের পক্ষে নয় ব্যতিক্রম যা রয়েছে তা জনস্রোতের একটি ক্ষুদ্র অংশ যাদের গলায় আওয়াজ রাষ্ট্রীয় নীতিনির্ধারকদের কর্ণকুহরে পৌঁছায় না।,বর্তমান জাতিসত্তা কেবল ক্ষমতাকে অগ্রাধিকার দেয় আদর্শকে নয়। এটি একটি প্রান্তিক ঘটনা যেখানে জনস্রোতের সামান্য অংশ রাষ্ট্রীয় নীতিনির্ধারকদের কাছে পৌঁছায়।,1
191,ফলে সর্বত্রই চলে রাজার জয়গান।,সুতরাং সর্বত্রই রাজার জয় জয়গান,1
192,‘সত্য’ যেন দিন দিন হারিয়ে যাচ্ছে।,সত্য ক্রমশ হারিয়ে যাচ্ছে।,1
193,এটাও প্রমাণিত হয়েছে সময় যখন খারাপ হয় তখন ভুক্তভোগীই বুঝতে পারে সে কতটুক অসহায় (!),এটাও স্পষ্ট হয়েছে যে প্রতিকূল পরিস্থিতিতে একজন ব্যক্তি উপলব্ধি করে তার অসহায়তা।,1
194,লেখক : চেয়ারম্যান গণতন্ত্র ও বেগম খালেদা জিয়া মুক্তি আইনজীবী আন্দোলন,লেখক: চেয়ারম্যান গণতন্ত্র ও বেগম খালেদা জিয়া মুক্তি আইনজীবী আন্দোলন,1
195,লোকসমাজ ডেস্ক ॥ ঢাকা বিশ্ববিদ্যালয় (ঢাবি) কেন্দ্রীয় ছাত্র সংসদ (ডাকসু) ভবনে ভিপি নুরুল হক নুর এবং তার সঙ্গীদের ওপর হামলার ঘটনা তদন্তে গঠিত কমিটি ঢাকা মেডিক্যাল কলেজ হাসপাতালে নুরের সঙ্গে দেখা করে ঘটনার বিষয়ে অনুসন্ধান করেছে।,ঢাকা বিশ্ববিদ্যালয় ডাকসু ঘটনায় ভিপি নুরের সাথে তদন্ত কমিটি সাক্ষাৎ করে ঘটনার অনুসন্ধান করেছে।,1
196,শনিবার (২৮ ডিসেম্বর) বেলা ১১টার কিছু পরে তদন্ত কমিটির সদস্যরা নুরের সঙ্গে সাক্ষাৎ করতে যান।,শনিবার ২৮শে ডিসেম্বর বেলা ১১টার কিছু পরে তদন্ত কমিটির সদস্যরা নুরের সাথে সাক্ষাৎ করতে গিয়েছিল।,1
197,তদন্ত কমিটির সঙ্গে সাক্ষাৎ প্রসঙ্গে ভিপি নুর বলেন ‘বিশ্ববিদ্যালয় তদন্ত কমিটির সদস্যরা বেলা সাড়ে ১১টার দিকে আমার সঙ্গে দেখা করতে আসেন।,বিশিষ্ট প্রতিবেদে সাক্ষাৎকারে ভিপি নুর জানান ‘বিশ্ববিদ্যালয় তদন্ত কমিটির সদস্যরা সকাল সাড়ে ১১টায় আমার সাথে দেখা করতে এসেছিলেন।’,1
198,তারা ওইদিনের হামলার বিষয়ে জানতে চেয়েছেন।’ তদন্ত কমিটি গঠন নিয়ে মন্তব্য করে নূর বলেন ‘ঘটনা ঘটার পরে এরকম তদন্ত কমিটি গঠন করা হয়।,তারা জানতে চেয়েছিলেন ঐ দিনের হামলার বিষয়ে। নূর বলেন ‘ঘটনা ঘটার পরে সাধারণত তদন্ত কমিটি গঠন করা হয়।’,1
199,কিন্তু ব্যবস্থা নিতে আমরা দেখি না।’,আমরা দেখে নিই না যে ব্যবস্থা নেওয়া হচ্ছে।,1
200,ডাকসু ভবনে ভিপি নুরুল হক নুর এবং তার সঙ্গীদের ওপর হামলার ঘটনা তদন্তে ঘটনার পরদিন গত ২৩ ডিসেম্বর ছয় সদস্যের এ কমিটি গঠন করে ঢাকা বিশ্ববিদ্যালয় কর্তৃপক্ষ।,ডাকসু ভবনে ভিপি নুরুল হক নুর এবং তার সঙ্গীদের ওপর হামলার ঘটনা তদন্তে ঘটনার পরদিন গত ২৩ ডিসেম্বরে ছয় সদস্যের একটি কমিটি গঠন করেছে ঢাকা বিশ্ববিদ্যালয় কর্তৃপক্ষ।,1
201,ঘটনা তদন্ত করে কমিটিকে ছয় কার্যদিবসের মধ্যে সুপারিশসহ প্রতিবেদন দিতে বলা হয়।,ঘটনাটি তদন্তের পর কমিটিকে ছয় কার্যদিবসের মধ্যে সুপারিশসহ একটি প্রতিবেদন জমা দেওয়ার ব্যাপারে বলা হয়।,1
202,হামলার ঘটনাকে ‘অনাকাঙ্ক্ষিত ও দুঃখজনক’ উল্লেখ করে দেওয়া বিশ্ববিদ্যালয়ের একটি বিজ্ঞপ্তিতে জানানো হয় ‘এই ঘটনাটি কেন ও কীভাবে সংঘটিত হলো এবং এর সঙ্গে কারা জড়িত তা সুষ্ঠুভাবে তদন্ত করার জন্য কলা অনুষদের ডিন অধ্যাপক ড. আবু মো. দেলোয়ার হোসেনকে আহ্বায়ক করে ছয় সদস্য বিশিষ্ট একটি তদন্ত কমিটি গঠন করা হয়েছে।’ কমিটির অন্য সদস্যরা হলেন–শামসুন নাহার হলের প্রাধ্যক্ষ সুপ্রিয়া সাহা সিনেট সদস্য অসীম সরকার ইন্টারন্যাশনাল হলের প্রাধ্যক্ষ মো. মহিউদ্দিন সিন্ডিকেট সদস্য মো. মিজানুর রহমান এবং বিশ্ববিদ্যালয়ের সহকারী প্রক্টর মুহাম্মদ মাঈনুল করিম।,বিশ্ববিদ্যালয় কর্তৃপক্ষ হামলার ঘটনাকে ‘অনাকাঙ্ক্ষিত ও দুঃখজনক’ বলে অভিহিত করে অধ্যাপক ড. আবু মো. দেলোয়ার হোসেনকে আহ্বায়ক করে একটি ছয় সদস্যের তদন্ত কমিটি গঠন করেছে। এই কমিটিতে শামসুন নাহার হলের প্রাধ্যক্ষ সুপ্রিয়া সাহা সিনেট সদস্য অসীম সরকার ইন্টারন্যাশনাল হলের প্রাধ্যক্ষ মো. মহিউদ্দিন সিন্ডিকেট সদস্য মো. মিজানুর রহমান এবং সহকারী প্রক্টর মুহাম্মদ মাঈনুল করিম রয়েছেন।,1
1,নভেম্বরের শুরুতে ইরানের ওপর নতুন করে মার্কিন নিষেধাজ্ঞা কার্যকর হয়েছে।,কিন্তু জুলাই থেকে অক্টোবর পর্যন্ত প্রথম চার মাসে অর্থনৈতিক প্রবৃদ্ধি সামান্য ৪.২৫%।,0
2,নিষেধাজ্ঞার প্রভাব পড়েছে দেশটির অপরিশোধিত জ্বালানি তেল রফতানি খাতে।,বছরের শেষে ব্রেন্ট ক্রুডের গড় দাম ব্যারেলপ্রতি ৬৫ ডলারে পৌঁছানোর প্রক্রিয়া বিলম্বিত হওয়ার সম্ভাবনা রয়েছে।,0
3,নভেম্বরে এশিয়ার দেশগুলোয় ইরানের প্রধান রফতানি পণ্য জ্বালানি তেলের চালান আগের বছরের একই সময়ের তুলনায় প্রায় ১৩ শতাংশ কমে পাঁচ বছরের সর্বনিম্ন অবস্থানে নেমে এসেছে।,১৭ মার্চ থেকে জন্মশতবার্ষিকীর বছরব্যাপী অনুষ্ঠানের সূচনা হবে।,0
4,মার্কিন নিষেধাজ্ঞার মধ্যেও এশিয়ার কয়েকটি দেশ ইরান থেকে জ্বালানি তেল আমদানিতে বিশেষ ছাড় পাওয়ার পরও এ পরিস্থিতি তেহরানের অর্থনীতির জন্য বড় চ্যালেঞ্জ বিবেচনা করছেন বিশ্লেষকরা।,লক্ষ্যমাত্রা থেকে এক কোটি আশি লাখ কেজি বেশি।,0
5,খবর রয়টার্স ও অয়েলপ্রাইসডটকম।,এলাকাভিত্তিক প্রভাবে জনপ্রতিনিধি নির্বাচন করা হয়।,0
6,ইরান থেকে রফতানি হওয়া অপরিশোধিত জ্বালানি তেলের প্রধান ক্রেতা চীন জাপান দক্ষিণ কোরিয়া ও ভারত।,অধিনায়ক আকবর আলী বাংলাদেশকে সম্মুখভাগে থেকে নেতৃত্ব দিয়ে জয় এনে দিয়েছেন।,0
7,নতুন করে নিষেধাজ্ঞা কার্যকরের পর ইরান থেকে এশিয়ার এ চার দেশে জ্বালানি পণ্যটির মাসভিত্তিক রফতানির পূর্ণাঙ্গ তথ্য যুক্ত করে প্রতিবেদন প্রকাশ করেছে রয়টার্স।,প্রতিদিন কোনো না কোনো পণ্যের দাম বৃদ্ধি পায়।,0
8,ইরানের সরকারি সূত্রের বরাতে প্রতিবেদনে বলা হয়েছে ২০১৮ সালের নভেম্বরে ইরান থেকে এ চার দেশে প্রতিদিন গড়ে ৬ লাখ ৬৪ হাজার ৮০০ ব্যারেল অপরিশোধিত জ্বালানি তেল রফতানি হয়েছে যা আগের বছরের একই সময়ের তুলনায় ১২ দশমিক ৭ শতাংশ কম।,শনিবার বিকেলে সরকারের সর্বস্তরের পর্যায়গুলো এই পরিমাণ অর্থ অনুমোদন করেছে এ বিষয়ে জানানো হয়েছে।,0
9,গত পাঁচ বছরের মধ্যে নভেম্বরে এটাই ইরান থেকে এশিয়ার দেশগুলোয় জ্বালানি তেল রফতানির সর্বনিম্ন রেকর্ড।,পোড়াদা নামক স্থানে জনতা ব্রিক্সের গাড়ি চলায় রাস্তাগুলোর চলাচল সম্পূর্ণ বন্ধ হয়ে যাওয়ায় সেগুলো অকার্যকর হয়ে পড়েছে।,0
10,২০১৮ সালের অক্টোবরে ইরান থেকে চীন জাপান দক্ষিণ কোরিয়া ও ভারতে প্রতিদিন গড়ে ৭ লাখ ৬২ হাজার ব্যারেল অপরিশোধিত জ্বালানি তেল রফতানি হয়েছিল।,তবে বিগত বছরে এই বৃদ্ধির হার ছিল দুই শতাংশ।,0
11,সেই হিসাবে অক্টোবরের তুলনায় গত নভেম্বরে এ চার দেশে ইরান থেকে জ্বালানি পণ্যটির রফতানি কমেছে দৈনিক ৯৮ হাজার ব্যারেল।,তবে তারা একটি গুরুত্বপূর্ণ কাজটি সম্পন্ন করতে ব্যর্থ হয়েছে।,0
12,নিষেধাজ্ঞা কার্যকরের আগে থেকেই ইরান থেকে অপরিশোধিত জ্বালানি তেল আমদানি কমিয়ে দিতে এশিয়ার দেশগুলোর ওপর চাপ তৈরি করেছিল ওয়াশিংটন।,আইয়ুব খানের আমলে জেলা ম্যাজিস্ট্রেট পদে পরিবর্তন আনা হয় এবং এটি আজও বিদ্যমান।,0
13,এর জের ধরে আগস্টের পর থেকেই ইরানি জ্বালানি তেল আমদানি কমিয়ে দেয় জাপান।,চিংড়ির মালাইকারি হোক বা চিংড়ি ভর্তা চিংড়ি মাছ থাকলেই খাবার খাওয়া যায় ভরপেট।,0
14,এক পর্যায়ে ইরান থেকে জ্বালানি পণ্যটির আমদানি স্থগিত করে দক্ষিণ কোরিয়া।,অমিত আরও বলেন যে আজ ছাত্রদলের প্রতিষ্ঠাবার্ষিকী পালিত হচ্ছে।,0
15,তবে ভারত দেশটি থেকে অপরিশোধিত জ্বালানি তেল আমদানি অব্যাহত রেখেছিল।,বাণিজ্যিক ব্যবহারের সময় অধিকাংশ সফটওয়্যার প্রতিষ্ঠানের অভ্যন্তরীণ জালিয়াতি রুখতে ব্যর্থ হয়।,0
16,নভেম্বরের শুরুতে নিষেধাজ্ঞা কার্যকর হলে ইরান থেকে অপরিশোধিত জ্বালানি তেল আমদানিতে আটটি দেশকে বিশেষ ছাড় দেয় মার্কিন প্রেসিডেন্ট ডোনাল্ড ট্রাম্পের প্রশাসন।,১৩ জুলাই ১৯৭৪ তারিখে ইংল্যান্ড ছিল ভারতের অভিষেক ওয়ানডের প্রতিপক্ষ।,0
17,এ তালিকায় চীন জাপান দক্ষিণ কোরিয়া ও ভারত রয়েছে।,প্রধানমন্ত্রীও তা করেন।,0
18,ছাড় পাওয়ার পরও এ চার দেশে জ্বালানি পণ্যটির রফতানি বাড়াতে পারেনি তেহরান।,এই কারণে নারীর প্রতি সহিংসতা বৃদ্ধি পাচ্ছে।,0
19,অক্টোবরের তুলনায় নভেম্বরে এসব দেশে ইরান থেকে জ্বালানি তেল রফতানি আরো কমেছে।,ফজলুল হক মিলন এবং প্রায় ১০ থেকে ১২ জন নেতা ও কর্মীকে গ্রেপ্তার করেছে পুলিশ।,0
20,এ বিষয়ে রয়টার্সের বিশ্লেষক ওয়াং তাও বলেন ইরানি জ্বালানি তেলের সবচেয়ে বড় ক্রেতা এশিয়ার দেশগুলো।,পরবর্তী বছরটিতে দেশটি থেকে ঐ শিল্প ধাতুটির রফতানি ৯ কোটি ৩৭ লক্ষ ৮০ হাজার টনে বৃদ্ধি পেয়েছিল।,0
21,ছাড়ের আওতায় থাকলেও এসব দেশ ইরান থেকে জ্বালানি পণ্যটি কিনছে না।,ডেরগ্রচর সীমান্ত এলাকাতে পতাকা বৈঠকে বিজিবির নেতৃত্ব দেন সুবেদার মো. গোলাম কাওসার এবং বিএসএফের নেতৃত্ব দেন এসি বলবীর সিং।,0
22,এটি ইরানি অর্থনীতির জন্য বড় একটি চ্যালেঞ্জ।,বিদায়ী বছরে বিশ্বব্যাপী রাবারের উৎপাদন হ্রাস trend-এ ছিল।,0
23,এ পরিস্থিতি ইরানের ক্রমবিকাশমান অর্থনৈতিক প্রবৃদ্ধির গতি শ্লথ করতে পারে।,অর্থের পরিমাপ নির্দিষ্ট সীমার মধ্যে সীমাবদ্ধ রাখতে হবে।,0
24,লোকসমাজ ডেস্ক ॥ ঢাকার দুই সিটি করপোরেশন নির্বাচনে বিএনপি'র কাউন্সিলর প্রার্থীদের যাচাই বাছাই কমিটি গঠন করেছে দলটি।,এই বিষয়ে জনসচেতনতা তৈরি করার জন্য দেশব্যাপী ব্যাপক প্রচারণার পরিকল্পনা করা হয়েছে।,0
25,বিএনপির ভাইস চেয়ারম্যান মোহাম্মদ শাজাহানকে প্রধান সমন্বয়ক করে ঢাকা উত্তর সিটি কর্পোরেশন ও বিএনপি চেয়ারপারসনের উপদেষ্টা আব্দুস সালামকে প্রধান সমন্বয়কারী ঢাকা দক্ষিণ সিটি করপোরেশন নির্বাচনের কাউন্সিলর বাছাই কমিটি করা হয়।,চীনের পররাষ্ট্রমন্ত্রী ওয়াং ই জানিয়েছেন সর্বশেষ ডেটা প্রকাশের আগে নতুন আক্রান্তের সংখ্যা হ্রাস পেয়েছে।,0
26,বিএনপি চেয়ারপার্সনের মিডিয়া উইংয়ের কর্মকর্তা শায়রুল কবির খান নয়া দিগন্তকে এ তথ্য নিশ্চিত করেন।,১৯৭৩ সাল থেকে সীমাহীন দুর্নীতি শুরু হয়েছে।,0
27,ঢাকা সিটি উত্তর এর বাছাই কমিটির অন্যান্য সদস্যরা হলেন-বিএনপির ভাইস চেয়ারম্যান আব্দুল আওয়াল মিন্টু যুগ্ন মহাসচিব মোয়াজ্জেম হোসেন আলাল বিএনপি নেতা এম এ কাইয়ুম বজলুল বাসিত আঞ্জু আহসান উল্লাহ আহসান সুলতান আহমেদ।,এই পরিস্থিতিতে তাদের প্রধান উদ্বেগ ইভিএম নিয়ে।,0
28,ঢাকা সিটি দক্ষিণে বাছাই কমিটির সদস্যরা হলেন-বিএনপির ভাইস চেয়ারম্যান মোহাম্মদ শাজহান আব্দুল আউয়াল মিন্টু যুগ্ন মহাসচিব হাবিব উন নবী খান সোহেল মহিলা দলের সভাপতি আফরোজা আব্বাস বিএনপি নেতা আবুল বাসার ও নবী উল্লাহ নবী।,শুটিংয়ে অনেক বিবাদ,0
29,এছাড়াও সংরক্ষিত মহিলা কাউন্সিলরদের বাছাইেয় জন্য বিএনপির স্থায়ী কমিটির সদস্য বেগম সেলিমা রহমানকে প্রধান সমন্বয়ক করে একটি কমিটি গঠন করা হয়।,যেহেতু বাংলাদেশ আমদানি-নির্ভর একটি দেশ।,0
30,কমিটির অন্যান্য সদস্যরা হলেন-মহিলা দলের সভাপতি আফরোজা আব্বাস সাধারণ সম্পাদক সুলতানা আহমেদ জেবা খান এ্যাডভোকেট নিপুন রায় ও মহানগর উত্তর-দক্ষিণ মহিলা দলের সভানেত্রী।,নির্বাচন কমিশন মনে করে একই দিনে পূজা ও ভোট হলে কোনো সমস্যা হওয়ার সম্ভাবনা নেই। এই বিষয়ে সিনিয়র সচিব মো. আলমগীর মন্তব্য করেছেন।,0
31,বিএনপি চেয়ারপার্সনের মিডিয়া উইং কর্মকর্তা শায়রুল কবির খান নয়া দিগন্তকে বলেন আগামীকাল রোববার সকাল নয়টায় গুলশানে দলের চেয়ারপার্সন বেগম খালেদা জিয়ার রাজনৈতিক কার্যালয়ে ঢাকা উত্তর সিটি কর্পোরেশনের কাউন্সিলর প্রার্থীদের বাছাই কার্যক্রম শুরু হবে এবং একই সময় নয়া পল্টনে দলের কেন্দ্রীয় কার্যালয়ে মহানগর দক্ষিনের কাউন্সিলর বাছাই কার্যক্রম শুরু হবে।,সারস নামক করোনা ভাইরাস বিশ্বজুড়ে প্রায় ৮০০ মানুষের জীবন কেড়ে নেয়।,0
32,লোকসমাজ ডেস্ক ॥ আওয়ামী লীগের সাধারণ সম্পাদক ওবায়দুল কাদের বলেছেন যে প্রত্যেকের জন্য চাকরি নিশ্চিত করা ক্ষমতাসীন আওয়ামী লীগের জন্য সবচেয়ে বড় চ্যালেঞ্জ।,কারচুপির অপ MEANS বিএনপি’র প্রার্থীদের হারিয়ে দেওয়া হবে।,0
33,শনিবার রাজধানীর ধানমন্ডি ৩২ নম্বরে জাতির পিতা বঙ্গবন্ধু শেখ মুজিবুর রহমানের প্রতিকৃতিতে শ্রদ্ধা নিবেদনের পর এ কথা জানিয়ে তিনি বলেন ‘দলের অন্য চ্যালেঞ্জগুলো হলো নির্বাচনী প্রতিশ্রুতি বাস্তবায়ন করা এবং গণতন্ত্রের প্রাতিষ্ঠানিকীকরণ।’ এর আগে আওয়ামী লীগ সভাপতি ও প্রধানমন্ত্রী শেখ হাসিনার নেতৃত্বে দলের নব-নির্বাচিত কেন্দ্রীয় কার্যনির্বাহী কমিটি ও উপদেষ্টা পরিষদ জাতির পিতা বঙ্গবন্ধু শেখ মুজিবুর রহমানের প্রতিকৃতিতে পুষ্পস্তবক অর্পণ করে তার স্মৃতির প্রতি শ্রদ্ধা নিবেদন করে।,আমাদের দেশে দ্রুত বিরোধ নিষ্পত্তি নিশ্চিত করার লক্ষ্যে আইনজীবীদের প্রণোদনা-ভিত্তিক পুরস্কারের ব্যবস্থা চালু করা প্রয়োজন।,0
34,কাদের বলেন ‘আবহাওয়ার কারণে টুঙ্গিপাড়া সফর বাতিল করা হয়েছে।,ফেনীতে ফেনী থানায় ধর্ষণ বিষয়ক দায়ের করা মামলার রেকর্ড অনুযায়ী ওই জেলায় সংঘটিত প্রকৃত ধর্ষণের সংখ্যা স্বাভাবিকের চেয়ে অনেক বেশি।,0
35,আগামী ৩ জানুয়ারি কমিটির যৌথ সভা অনুষ্ঠিত হবে।,এরপর কিছু ডাকাত তাকে অপহরণ করে নগদ আঠারো হাজার টাকা তার বন্ধু কাছ থেকে এবং তাদের মোবাইল ফোন চুরি করে নেয়।,0
36,সেদিনই এ সফরের বিষয়ে সিদ্ধান্ত নেয়া হবে।’ গত ২১ ডিসেম্বর দলের কাউন্সিল অধিবেশনে সভাপতি ও সাধারণ সম্পাদকসহ মোট ৪২টি পদে নির্বাচিতদের নাম ঘোষণা করা হয়।,অन्याয় বা নির্যাতনের মতো ঘটনাগুলো প্রায়শই নীরবে ঘটে যায় এবং এগুলোকে সামনে আনা বা প্রকাশ করার সুযোগ খুব কম থাকে।,0
37,ওই দিন নবমবারের মতো দলের সভাপতির দায়িত্ব দেয়া হয় বঙ্গবন্ধুকন্যা শেখ হাসিনাকে।,দুজন ব্যক্তির শরীরে এই ভাইরাসটি নিশ্চিতভাবে শনাক্ত করা হয়েছে।,0
38,আর দ্বিতীয় মেয়াদে দলের সাধারণ সম্পাদকের দায়িত্ব পান ওবায়দুল কাদের।,দর্শকদের জন্য এটি একটি বিশেষ চমক বলেও এ তারকা জানান।,0
39,সূত্র : ইউএনবি।,মূলত এই মাধ্যমে চীন সরকার অর্থনৈতিক বিষয়ে তাদের সচেতনতার বিষয়ে জনসমক্ষে একটি বার্তা পৌঁছে দিতে চেয়েছিল।,0
40,লোকসমাজ ডেস্ক ॥ ঢাকা বিশ্ববিদ্যালয় কোন পেশি শক্তিধরদের ক্যাম্পাস নয় সাধারণ শিক্ষার্থীদের ক্যাম্পাস।,পরে তাকে আদালতে সোপর্দ করার পর তিনি আরো জানান আটক কিশোরীকে নিরাপদ হেফাজতে পাঠানোর ব্যবস্থা করা হয়।,0
41,এই ক্যাম্পাসে কোন ধরণের সন্ত্রাসী কার্যক্রম চলতে দেয়া হবে না।,এই কৃমিগুলোর প্রভাব দেখা গেছে চোখ পর্যন্ত।,0
42,তাই যারা ক্যাম্পাসে অস্থিতিশীলতা সৃষ্টি করতে চায় তাদের ঠাঁই ঢাবিতে হবে না বলে হুশিয়ারি দিয়েছেন সন্ত্রাসবিরোধী ছাত্র ঐক্যের নেতারা শনিবার দুপুরে ঢাকা বিশ্ববিদ্যালয়ের রাজু ভাষ্কর্যের পাদদেশে আয়োজিত ‘সন্ত্রাসবিরোধী ছাত্র ঐক্যে’ আয়োজিত পদযাত্রায় নেতারা এসব কথা বলেন।,যশোর ঝিনাইদহ মাগুরা ও চুয়াডাঙ্গা থেকে বাছাই করা মোট আটটি গাড়ি স্থানীয় যুব সংঘের আয়োজনে এই প্রতিযোগিতায় অংশগ্রহণ করে।,0
43,পদযাত্রায় ছাত্র নেতারা বলেন ঢাকসু ভবনে ছাত্রলীগ ও মুক্তিযুদ্ধ মঞ্চের নেতারা ভিপি নূর ও সাধারণ ছাত্র অধিকার পরিষদের নেতা-কর্মীদের উপর হামলা করে প্রমাণ করেছে তারা ক্যাম্পাসে আতঙ্কের পরিবেশ সৃষ্টি করতে চায়।,বিমানে বসে আমি প্রস্তুতি নিয়েছিলাম তবে প্রথম শটের সময় কিছু সমস্যা হয়েছিল।,0
44,এখানে শুধু ছাত্র নেতারা নন সাধারণ শিক্ষার্থীরাও কীভাবে নিরাপদ থাকবেন সেটাও এখন প্রশ্ন হয়ে উঠেছে।,যদি হ্যামিল্টনের ম্যাচটি জেতে তাহলে সফরকারীরা দুই ম্যাচ হাতে খুব সহজেই পাঁচ ম্যাচের সিরিজটি জিতবে।,0
45,একই সময় তারা বিশ্ববিদ্যালয় প্রশাসনের ছত্র-ছায়ায় ক্যাম্পাসে সন্ত্রাসী ও দখলদারিত্বের রাজত্ব চলছে বলে অভিযোগ করেন।,আর তার দুই হাতে চূড়া।,0
46,এর আগে ঢাবি ক্যাম্পাসে ১২টি সংগঠনের সমন্বয়ে ‘সন্ত্রাসবিরোধী ছাত্র ঐক্য’ ঘোষণা করা হয়।,তাহাকে अस्पतालमै उपचार गरइइ,0
47,সংগঠনগুলোর মধ্যে রয়েছে সাধারণ ছাত্র অধিকার সংরক্ষণ পরিষদ বাংলাদেশ ছাত্র ইউনিয়ন সমাজতান্ত্রিক ছাত্রফ্রন্ট ছাত্র ফেডারেশন সমাজতান্ত্রিক ছাত্রফ্রন্ট (মার্কসবাদি) বিপ্লবি ছাত্র মৈত্রী বাংলাদেশ ছাত্র ফেডারেশন বিপ্লবি ছাত্র-যুব আন্দোলন বৃহত্তর পার্বত্য চট্টগ্রাম পাহাড়ি ছাত্র পরিষদ নাগরিক ছাত্র ঐক্য স্বতন্ত্র জোট ছাত্র গণমঞ্চ।,স ম আব্দুর রাজ্জাক-এর সভাপতিত্ত্বে কাঁঠালতলা মাধ্যমিক বিদ্যালয়ে অনুষ্ঠিত বই উৎসবে অধ্যাপক জি এম ফারুক হোসেন ছিলেন প্রধান অতিথি।,0
48,লোকসমাজ ডেস্ক ॥ সরকারকে চ্যালেঞ্জ করে কৃষক শ্রমিক জনতা লীগের সভাপতি বঙ্গবীর কাদের সিদ্দিকী (বীর উত্তম) বলেছেন ‘আমি চ্যালেঞ্জ করলাম বাংলাদেশের যে কোন নির্বাচনে অনিয়ম না করে নৌকা যদি পাস করে তাহলে আমি সমুদ্রে গিয়ে ডুব দেব।,অন্যদিকে রাস্তা বন্ধ করে প্রার্থীদের প্রচার দিনভর মাইকে প্রচারণাসহ আচরণবিধি প্রায়শই লঙ্ঘিত হচ্ছে।,0
49,শনিবার রাজধানীর মহানগর নাট্যমঞ্চে জাতীয় সমাজতান্ত্রিক দলের (জেএসডির) কেন্দ্রীয় সম্মেলনে বিশেষ অতিথির বক্তব্যে তিনি এ চ্যালেঞ্জ করেন।,বিষয়টি শুধু অর্ণবের নয় আরো অনেক ডায়াবেটিস আক্রান্তেরও সমস্যা রয়েছে।,0
50,কাদের সিদ্দিকী বলেন এই দেশে কেউ চিরস্থায়ী না।,মনমতোভাবে পরিবেশন করুন।,0
51,এই কথাটা কেন যে আওয়ামী লীগের লোকেরা ভাবতেছে না আমি সেটাই বুঝি না।,ব্রিটেনের স্পেশাল ইমিগ্রেশন আপিল কমিশন (সিয়াক) তাকে বাংলাদেশের নাগরিক হিসেবে অভিহিত করেছে।,0
52,গত ৩০শে ডিসেম্বরের নির্বাচনে কোন ভোট হয় নাই দাবি করে এই মুক্তিযোদ্ধা বলেন ‘দেশের মানুষ তাদের ভোট দিতে পারে নাই।,খুলনার ফুলতলা উপজেলায় শুক্রবার নতুনহাট এলাকা থেকে পুলিশ এক মাদকসেবীকে (৩৮) বছর বয়সী হুমায়ুন কবিরকে ১২ গ্রাম গাঁজাসহ আটক করেছে।,0
53,সাড়ে তিন ’শ সদস্যের এই অবৈধ সংসদ।,据报道，这款‘飞行出租车’理论上可达最高时速290公里。,0
54,ভাত খাওয়ার সময় যেভাবে ভাগ করে দেয়া হয় ঠিক সেভাবে জাতীয় ঐক্যফ্রন্টের আটজনকে নির্বাচিত করে নির্বাচন দেখানো হয়েছিল।,চলতি বছরের প্রথম তিন মাসে (জানুয়ারি-মার্চ) দেশটিতে জ্বালানি তেলের চাহিদা দৈনিক গড়ে ২ লাখ ৫০ হাজার ব্যারেল হ্রাস পেতে পারে এমন পূর্বাভাস বিশ্লেষকদের।,0
55,তারা কিন্তু সংসদেও গেছে।’ ঐক্যফ্রন্ট এমপিদের সমালোচনা করে তিনি বলেন ‘যদি সংসদ অবৈধ হয় তাহলে ঐক্যফ্রন্টের যে আটজন গেছে তারাও অবৈধ।,সময়ই বিচার করবে বর্তমান নির্বাচন কমিশন তার কতটুকু ক্ষমতা প্রয়োগ করতে পেরেছে।,0
56,হয় তারা পদত্যাগ করুক না হয় ৩০ তারিখের আগেই তাদের বহিষ্কার করুন।,তারা ২ পয়েন্টের ব্যবধানে লেস্টারকে হারিয়েছে (৪৫)।,0
57,তাহলে দেখবেন মানুষ আপনাদের পেছনে দাঁড়াবে।,ভারতে ইভিএম নিয়ে বিতর্কটি নির্বাচন কমিশন সমাধান করেছে।,0
58,রাজনীতিতে একদিকে থাকতে হবে।,সাংবাদিকদের প্রশ্নের উত্তরে তিনি জানিয়েছেন বিএনপি কখন একদফার আন্দোলন শুরু করবে তা বর্তমানে নিশ্চিতভাবে বলা যাচ্ছে না।,0
59,সেদিক হচ্ছে মানুষের দিক।,মূল্যস্ফীতি একটি চাপ সৃষ্টি করছে।,0
60,মানুষের দিক ছাড়া অন্যদিকে গিয়ে লাভ নাই।’,ঝন্টুসহ অন্যান্য ব্যক্তিগণ বাওড়টি দখলের চেষ্টা চালায়।,0
61,লোকসমাজ ডেস্ক ॥ সাবেক প্রধানমন্ত্রী ও বেগম খালেদা জিয়ার নিঃশর্ত মুক্তি এবং বিএনপির ভারপ্রাপ্ত চেয়ারম্যান তারেক রহমানের বিরুদ্ধে দায়েরকৃত মিথ্যা মামলা প্রত্যাহারের দাবিতে রাজধানীতে বিক্ষোভ মিছিল ও সমাবেশ সংক্ষিপ্ত সমাবেশ করেছে বিএনপির অঙ্গ ও সহযোগী সংগঠনের নেতাকর্মীরা।,সোমবার সকাল থেকে হামলা মারধর ধাওয়া-পাল্টা ধাওয়া এবং গোলাগুলির ঘটনা ঘটেছে।,0
62,শনিবার বিকেলে একটি বিক্ষোভ মিছিল পল্টন মোড় থেকে শুরু হয়ে বিজয়নগরের কাছে গিয়ে শেষ হয়।,সম্প্রতি এক সাক্ষাৎকারে কৃতি বলেন যে ছবি নির্বাচনের ক্ষেত্রে তার প্রধান শর্ত হলো ছবিটির প্রতি সম্পূর্ণ বিশ্বাস।,0
63,বিক্ষোভ মিছিলে নেতৃত্ব দেন বিএনপির সিনিয়র যুগ্ম মহাসচিব রুহুল কবির রিজভী।,প্রায়শই তার দেখা যায়।,0
64,মিছিলে অন্যদের মধ্যে অংশগ্রহণ করেন বিএনপি জাতীয় নির্বাহী কমিটির সদস্য ও মৎস্যজীবী দলের আহবায়ক রফিকুল ইসলাম মাহতাব নারায়ণগঞ্জ জেলা বিএনপির সহ-সভাপতি মাহমুদুর রহমান সুমন ঢাকা মহানগর দক্ষিণ যুবদলের সাধারণ সম্পাদক গোলাম মাওলা শাহীন মৎস্যজীবী দলের সদস্য সচিব আব্দুর রহিম ছাত্রদলের সহ-সাংগঠনিক সম্পাদক মশিউর রহমান রনি ছাত্রদল নেতা রাজু রহিমসহ বিপুল সংখ্যক নেতাকর্মী।,প্রদর্শনীতে বাংলাদেশ ইউএসএ জিম্বাবুয়ে ভারত সহ মোট ১১টি দেশের ১৫০টি চিত্রকর্ম স্থান পেয়েছে।,0
65,মিছিল শেষে এক পথসভায় সংক্ষিপ্ত বক্তব্যে রুহুল কবির রিজভী বলেন বিএনপি চেয়ারপারসন চারবারের সাবেক প্রধানমন্ত্রী দেশনেত্রী বেগম খালেদা জিয়াকে কারামুক্তি না দেয়ার উদ্দেশ্যই হলো-তাকে শারীরিক অসুস্থতায় রেখে জীর্ণ করতে করতে প্রাণ বিপন্ন করা।,এ বছর দেশে সাম্প্রদায়িক সহিংসতার কারণে ৭২টি মূর্তি ক্ষতিগ্রস্ত হয়েছে যার মধ্যে হিন্দু সম্প্রদায়ের ৩৯টি বাড়িঘর অগ্নিসংযোগের শিকার হয়েছে।,0
66,বেগম খালেদা জিয়াকে মুক্তি না দিতে প্রধানমন্ত্রী শেখ হাসিনা আইন আদালত বিচার সবকিছু হাতের মুঠোয় নিয়েছেন।,অর্থমন্ত্রী জানান গাজী মোহাম্মদ শাহনেওয়াজের প্রশ্নের উত্তরে প্রবাসীদের রেমিট্যান্স প্রেরণে গত এক বছরে প্রায় ১০ শতাংশের বৃদ্ধি লক্ষ্য করা গেছে।,0
67,জনগণের দাবি উপেক্ষা করে গুরুতর অসুস্থ বেগম জিয়াকে তার পছন্দ মতো কোনো বিশেষায়িত হাসপাতালে চিকিৎসার সুযোগ দিতেও বাধা দেয়া হচ্ছে।,বারবার হামলা চালিয়ে শার্শা ছাত্রলীগের সাংবাদিকতার বিরোধী অবস্থানে থাকার বিষয়টি স্পষ্ট হয়েছে।,0
68,শারীরিক অবস্থার চরম অবনতি হওয়া সত্বেও বেগম জিয়ার প্রতি সরকারের নিষ্ঠুর আচরণে আজ দেশবাসী চরম ক্ষুদ্ধ।,জানা যায় ২০১৮ সালের ৩১ ডিসেম্বর সমাপ্ত চা উৎপাদন মৌসুমে বাংলাদেশ চা বোর্ড (বিটিবি) ৮২ দশমিক ১৩ মিলিয়ন কেজি চা উৎপাদন করে।,0
69,তিনি বলেন দখলদার প্রধানমন্ত্রী নিজের ক্ষমতাকে কন্টকমুক্ত করতে দেশের স্বাধীনতা-সার্বভৌমত্ব বিক্রি করে দিতেও কুন্ঠিত হচ্ছেন না।,ঘটনাটি ওই কিনিকের চিকিৎসক তা গোপন করেছিলেন।,0
70,বর্তমানে দেশের স্বাধীনতা যেকোনো সময়ের চেয়ে সবচেয়ে বেশী হুমকির মুখে।,পরে সেখান থেকে নিয়ে যাওয়া হয় যশোর শহরের একটি অভিজাত হোটেলে।,0
71,নিজেদের স্বেচ্ছাচারী কাজে কেউ যাতে জবাবদিহিতা না চায় সেজন্যই তারা গণতন্ত্রকে গোরস্থানে পাঠিয়েছে।,ঢাকায় নেমেও ভুললেন না স্বভাব-সুলভ ভঙ্গি দেখাতে।,0
72,বেপরোয়া সরকার জনগণের কোন দাবিকেই আমলে না নিয়ে জনগণকে বন্দী করে রাখতেই অগণতান্ত্রিক দুঃশাসন অব্যাহত রেখেছে।,তখন সীমান্তে বাংলাদেশিদের ওপর হত্যাকাণ্ড ঘটছে যখন দলের সাধারণ সম্পাদক বলেন বাংলাদেশ ও ভারত রক্তের বন্ধনে আবদ্ধ,0
73,রিজভী প্রধানমন্ত্রীর উদ্দেশে বলেন বেগম খালেদা জিয়াকে বন্দী করে বিনা চিকিৎসায় আপনি অমানবিক কষ্ট দিচ্ছেন আর কষ্ট না দিয়ে তাকে নিঃশর্ত মুক্তি দিন।,তারপরও সড়ক দুর্ঘটনা কেন কমিয়ে আনা সম্ভব হচ্ছে না প্রতি বছরই কেন তা বাড়ছে – সেটাই প্রশ্ন।,0
74,আমি আবারো অবিলম্বে দেশনেত্রী বেগম খালেদা জিয়ার নিঃশর্ত মুক্তির জোর দাবি জানাচ্ছি।,চাটুকারদের দ্বারা घেরা থাকলে কোনো দিনই সম্ভব নয়।,0
75,মিছিলে অংশগ্রহণকারী নেতাকর্মীরা বেগম খালেদা জিয়ার নিঃশর্ত মুক্তি এবং বিএনপির ভারপ্রাপ্ত চেয়ারম্যান তারেক রহমানের বিরুদ্ধে দায়েরকৃত মিথ্যা মামলা প্রত্যাহারের দাবিতে বিভিন্ন স্লোগান দেন।,প্রথম দেখাতেই তিনি সবার নজর কেড়েছেন।,0
76,লোকসমাজ ডেস্ক ॥ পাকিস্তান ক্রিকেট দলে সাবেক লেগ স্পিনার দানিশ কানেরিয়ার সাথে বর্ণবাদী আচরণ করা হয়েছে বলে- শোয়েব আখতার যে দাবি করেছেন তা উড়িয়ে দিয়েছে দলটির সাবেক তারকা ক্রিকেটাররা।,এক চা-চামচ অলিভ অয়েল এবং সমপরিমাণ মাখন একটি পাত্রে গরম করুন।,0
77,সাবেক অধিনায়ক ইনজামাম উল হক শহীদ আফ্রিদি ও ক্যারিয়ারের তুঙ্গে থাকা অবস্থায়ই খ্রিস্টান থেকে মুসলমান হওয়া মোহাম্মাদ ইউসুফ এই বক্তব্যের তীব্র বিরোধীতা করেছেন।,আলমগীর কবির জানিয়েছেন পোনা ভাতি পেঁয়াজ অন্তত দুই মাস বাজারে থাকার সম্ভাবনা রয়েছে।,0
78,এক ইউটিউব ভিডিওতে ইনজামাম উল হক বলেছেন পাকিস্তান দলে প্রত্যেক ক্রিকেটারকে সমান দৃষ্টিতে দেখা হয়।,যদিও সূর্যমুখী তেলের সরবরাহ পর্যাপ্ত তা চাহিদা পূরণ করতে পারছে না।,0
79,অতীতেও হয়েছে বর্তমানেও হচ্ছে।,মনপসন্দ ক্যাপশন এবং কোলাজ বা ভিডিয়োর গতি বাড়াতে-কমাতে দেওয়া—সবই করা যেতে পারে এই এডিটিং টুল দিয়ে।,0
80,ইনজি বলেন ‘দানিশ কানেরিয়া আমার অধিনায়কত্বেই সবচেয়ে বেশি ম্যাচ খেলেছে।,সকাল ১১টায় মেলার আয়োজনে নারী কৃষকদের নিয়ে কৃষি আড্ডা অনুষ্ঠিত হয়েছে।,0
81,দলে অমুসলিম হওয়ার কারণে কাউকে ভিন্ন চোখে দেখা হচ্ছে এমনটি কখনো ঘটেনি।,জাহানার বেগম জানান যে গত ২৩ ডিসেম্বর মনিরামপুর সরকারি বালিকা বিদ্যালয়ের দ্বিতল ভবনে ভর্তি পরীক্ষা অনুষ্ঠিত হয়েছিল।,0
82,এত ছোট হৃদয়ের মানুষ আমরা নই।,জাহাঙ্গীর আলম মিন্টু ঐক্যফ্রন্টের দফতর প্রধান এই তথ্যটি জানিয়েছেন।,0
83,কেউ এমন অভিযোগ করলেও বিশ্বাস করবো না।,সেলিম সরদার ছাত্রীটির বাবা জানিয়েছেন যে তিনি ‘বখাটে ইমাম’কে কয়েকবার সতর্ক করেছিলেন।,0
84,বিগম্যান আরো বলেন যখন আমরা শারজাহ’র মত জায়গাগুলোতে সফরে যেতাম- প্রায়ই ভারত ও পাকিস্তানের খেলোয়াড়রা একই হোটেলে থাকতাম।,রাজিয়া সুলতানা বিদেশ যাওয়ার এক মাস পর সেখানে মারা যান।,0
85,সেখানে প্রায়ই দেখতাম দুই দেশের খেলোয়াড়রা একে অন্যের রুমে গল্প-আড্ডা দিচ্ছে এক সাথে খাচ্ছে।,গত ২০ জানুয়ারি মনোনয়নপত্র জমা দেওয়ার শেষ দিন ছিল স্মারকলিপিতে নতুন ম্যানেজিং কমিটিয নির্বাচনে অনিয়মের প্রতিকার ও পুনঃতফসিল প্রদানের দাবি জানিয়ে বলা হয়েছে।,0
86,সাবেক এই অধিনায়ক বলেন (তারকা লেগস্পিনার) মোশতাক আহমেদ শৈশব থেকে আমার খুব ভালো বন্ধু ছিলেন; কিন্তু আমার নেতৃত্বের সময়ই তাকে বাদ দিয়ে কানেরিয়াকে দলে নিয়েছি ভবিষ্যতের কথা চিন্তা করে।,এটা বিশ্বাস করা যায় না।,0
87,কাজেই শুধু নামাজ পড়লে দলে নেয়া হয় এই কথা কোন ভিত্তি নেই।,লৌকিকতার প্রতি বিপুল পরিমাণ অর্থ ব্যয়িত হবে।,0
88,পাকিস্তান দলের আরেক সাবেক অধিনায়ক ও দানিশ কানেরিয়ার টিমমেট শহীদ আফ্রিদিও এই অভিযোগের বিষয়ে তীব্র ক্ষোভ প্রকাশ করেছন।,দুটি সংবাদমাধ্যমের মতে একটি চক্র ২০ হাজার ব্যক্তিকে কুয়েতে পাচার করে ৫০ মিলিয়ন কুয়েতি দিনার আত্মসাৎ করেছে।,0
89,কখনোই ধর্মের ভিত্তিতে কানেরিয়ার সাথে বৈষম্যমূলক আচরণ করার ঘটনা ঘটেনি বলে জোর দিয়ে বলেছেন আফ্রিদি।,পরবর্তীকালে স্বর্ণ এবং অন্যান্য ধাতুর দাম বৃদ্ধি পেতে শুরু করে।,0
90,তিনি বলেন কানেরিয়ার সাথে বিভিন্ন পর্যায়ে একসাথে ক্রিকেট খেলেছি দীর্ঘদিন।,লোকটি ডেকোরেশনের দায়িত্বে থাকা ব্যক্তি প্যান্ডেল চেয়ার টেবিলগুলো নিয়ে যাবে।,0
91,কখনোই এমন কিছু ঘটতে দেখিনি বা শুনিনি।,পানি সঙ্গে রাখুন।,0
92,এদিকে শোয়েব আখতারের অভিযোগের বিষয়ে ক্ষুব্ধ প্রতিক্রিয়া ব্যক্ত করেছেন দলের সাবেক মিডল অর্ডার ব্যাটসম্যান মোহাম্মাদ ইউসুফ।,আগামীকাল শুক্রবার বিকেলেই তার পারিবারিক সূত্র জানিয়েছে প্রয়াত ব্যক্তির স্মরণে তাদের বাড়িতে দোয়া মাহফিল অনুষ্ঠিত হবে।,0
93,তিনি নিজেও ক্যারিয়ারের শুরুতে অমুসলিম ছিলেন।,বাগেরহাটের রামপালে চিংড়ি চাষি ও প্রভাবশালীদের বাধায় প্রধানমন্ত্রীর অগ্রাধিকার প্রকল্প হিসেবে ৮৩টি নদী খাল খনন ব্যাহত হচ্ছে।,0
94,২০০৫ সালে ইসলাম ধর্ম গ্রহণ করে ইউসুফ ইউহানা থেকে হয়ে যান মোহাম্মাদ ইউসুফ।,বার্নলিকে ২-০ ব্যবধানে পরাজিত করা হয়েছে।,0
95,এই ব্যাটিং লিজেন্ড নিজের টুইটার অ্যাকাউন্টে লিখেছেন পাকিস্তান দলে সংখ্যালঘু ক্রিকেটারদের সাথে আচরণ বিষয়ে যে অভিযোগ তোলা হয়েছে তার তীব্র নিন্দা জানাই।,সদর উপজেলার সুলতানপুরে গত মঙ্গলবার সন্ধ্যায় এই ঘটনাটি ঘটে।,0
96,আমি ওই দলের একজন সদস্য ছিলাম।,উল্লেখ্য প্রাথমিক ও গণশিক্ষা মন্ত্রণালয়ের (উন্নয়ন-২) শাখার যুগ্ম সচিব মো. রুহুল আমিন স্বাক্ষরিত ২৩ অক্টোবর তারিখের একপত্রে বলা হয়েছে বিদ্যালয় কর্তৃপক্ষ বাজার থেকে সাশ্রয়ী মূল্যে পছন্দের ডিজিটাল হাজিরা মেশিন ক্রয় করে স্কুলে স্থাপন করবে।,0
97,দল সমর্থক ও কর্মকর্তা- সবার কাছ থেকে প্রচুর ভালোবাসা পেয়েছি ক্যারিয়ারে দীর্ঘ সময়ে।,আখাউড়া ইমিগ্রেশনে স্বাস্থ্য পরীক্ষা করে বাংলাদেশে ফেরত পাঠানোর পর ভাইরাসের কোনো লক্ষণ পাওয়া যায়নি।,0
98,কয়েকদিন আগে শোয়েব আখতার এক টিভি টকশোতে বলেছেন হিন্দু হওয়ার কারণে পাকিস্তানের সাবেক লেগ স্পিনার দানিশ কানেরিয়ার সাথে প্রায়ই বৈষম্যমূলক আচরণ করা হতো।,সকালে রস নিয়ে যাওয়ার সময় তিনি এই দৃশ্যটি দেখতে পেলেন।,0
99,তার সাথে একই টেবিলে খেতে বসতে চাইতো না অনেক ক্রিকেটার।,আমি নতুন বছরে আবারও শুভেচ্ছাদূত হিসেবে কাজ করছি যা আমার জন্য খুবই আনন্দদায়ক।,0
100,পাকিস্তানের হয়ে ৬১ টেস্টের ক্যারিয়ারে ২৬১ উইকেট নিয়েছিলেন লেগস্পিনার দানিশ কানেরিয়া।,যশোর সরকারি এমএম কলেজের উপাধ্যক্ষ এবং অভিভাবক প্রতিনিধি ও শিক্ষকবৃন্দ উপস্থিত ছিলেন।,0
101,১৮ ওয়ানডেতে নিয়েছেন ১৫ উইকেট।,সেটা ভালো কাজ ধীরে ধীরে ভালো কাজের দিকে অগ্রসর হতে হবে।,0
102,ফিক্সিংয়ে জড়িত থাকায় ২০১০ সালে তিনি নিষিদ্ধ হন।,লিখিত বক্তব্যে অভিযোগকারী ছাত্রী ও তার পিতা ঘটনাটি মিথ্যা বলে স্বীকার করে ড. শিমুলের কাছে ক্ষমা চেয়েছেন বলে উল্লেখ করা হয়েছে।,0
103,পাকিস্তান দলের হয়ে আন্তর্জাতিক ক্রিকেটে খেলা আরেক হিন্দু ক্রিকেটার অনিল দলপত’র নিকটাত্মীয় দানিশ কানেরিয়া।,এরপর জানতে চাওয়া হয় আপনাদের প্রতিষ্ঠানের কি-না দুটি নিয়োগ বিজ্ঞপ্তির ফলাফল?,0
104,তৈমূর আলম খন্দকার,তার বাবা সোমবার ১৩ জানুয়ারি তারিখে থানায় একটি মামলা দায়ের করেছেন।,0
105,একটি জাতি ও একটি রাষ্ট্রকাঠামো গঠনের প্রকারভেদ এক নয় এর জন্মগত ইতিহাস ও পদ্ধতি ভিন্নতর।,জাংকো নামক একটি সংস্থা ফোনটি উৎপাদন করেছে।,0
106,একটি রাষ্ট্র গঠনের পেছনে আন্দোলন সংগ্রাম যুদ্ধবিগ্রহ দখল পুনর্দখল কূটনৈতিক চাল ঈমানদারি বেঈমানি বিশ্বস্ততা বিশ্বাস ঘাতকতা প্রভৃতি জড়িত।,হঠাৎ ৫০ বছর বয়সী মানসিক রোগী এমিলি বেগম লাঠি দিয়ে মোকসেদ মল্লিকের মাথায় আঘাত করেন।,0
107,বাংলাদেশ একটি রাষ্ট্র কিন্তু এ ভূখণ্ডটি বিভিন্ন সময় বিভিন্ন রাষ্ট্রের অন্তর্ভুক্ত ছিল।,‘তারেক মেহতা কা উল্টা চশমা’ ‘ঝাঁসি কি রানি’ হিন্দি ধারাবাহিকেও তাকে অভিনয় করেছেন।,0
108,যেমন- পাকিস্তান ব্রিটিশ মোগল সাম্রাজ্য প্রভৃতি।,তার একটি গুরুত্বপূর্ণ কাজ হলো বিভিন্ন মামলার মানসম্মত তদন্ত নিশ্চিত করা।,0
109,নিজ ভূখণ্ড থেকে বিচ্ছিন্ন বা কখনো নিজ অস্তিত্ব বিলীন করে অন্য ভূখণ্ডের সাথে সংযুক্ত হওয়া রাষ্ট্রের চারিত্রিক বৈশিষ্ট্য যুগ যুগ ধরে পৃথিবীতে চলে আসছে।,আমরা আমাদের অধিকার আদায়ের জন্য চেষ্টা করছি।,0
110,শক্তি যার বেশি তার হাতেই বন্দী হয়েছে রাষ্ট্রীয় কর্তৃত্ব; নীতি আদর্শ মানবতা এখানে বাতুলতামাত্র।,দিলীপ সভায় বিরোধী বিক্ষোভকারীদের তীব্র ভাষায় আক্রমণ করেন।,0
111,কিন্তু জাতি গঠনের বিষয়টি ভিন্নতর যা এক দিনে সৃষ্টি হয় না বা হতে পারে না।,আগামী বুধবার গোপালগঞ্জ ভেন্যুতে এই দুই দল একটি করে প্রতিযোগিতায় মুখোমুখি হবে।,0
112,বছরের পর বছর যুগের পর যুগ শতাব্দীর পর শতাব্দী অনুশীলনের মাধ্যমে যে সংস্কৃতি ও ভাবধারা এলাকাভিত্তিক গণমানুষের মধ্যে গড়ে ওঠে তা-ই জাতিসত্তা।,আখেরি মোনাজাতে যান চলাচল সীমিত করা হয়েছে। বিশ্ব ইজতেমার দ্বিতীয় পর্বে মুসল্লিদের সুষ্ঠুভাবে যাতায়াতের জন্য গাজীপুর ট্রাফিক পুলিশের পক্ষ থেকে বিশেষ ব্যবস্থা গ্রহণ করা হয়েছে।,0
113,যুদ্ধবিগ্রহ বা আন্দোলন-সংগ্রাম অথবা কূটকৌশলের মাধ্যমে ‘জাতির’ সৃষ্টি হয় না।,আলু গাছ শুকিয়ে ধীরে ধীরে হলুদ বর্ণ ধারণ করতে থাকে।,0
114,একটি জাতি গঠন ও জাতিসত্তা একটি জনগোষ্ঠীর দীর্ঘ দিন অনুশীলনের ফসলমাত্র।,সংবিধানের ৫৬(৩) এবং ৯৫ অনুচ্ছেদের (১) দফা অনুযায়ী রাষ্ট্রপতি প্রধানমন্ত্রীর পরামর্শ নিয়ে প্রধানমন্ত্রীর নিয়োগ ব্যতীত অন্যান্য দায়িত্ব পালনে বাধ্য।,0
115,ভৌগোলিক ভাবধারা ও জলবায়ু জাতিসত্তা গঠনে প্রভাব ফেলে কিন্তু রাষ্ট্র গঠনে জাতিসত্তার একটি ব্যাপক প্রভাব রয়েছে।,অনুগ্রহ করে এটা বঙ্গোপসাগরে disposição করুন এবং এই পদ্ধতি বাতিল করুন।,0
116,রাষ্ট্র গঠনের বিষয়টি একটি রাজনৈতিক সিদ্ধান্ত।,২০১৪ ও ২০১৫ সালে বিএনপাসহ ২০ দলের হরতাল-অবরোধের সময় বাসে আগুন ভাঙচুর ককটেল বিস্ফোরণ ও মানুষ হত্যার মতো বিভিন্ন সহিংসতার ঘটনায় পুলিশ ১০টি মামলায় চার্জশিট দিয়েছে।,0
117,কিন্তু জাতি গঠিত হয় পারস্পরিক শ্রদ্ধাবোধ আত্মবিশ্বাস ও আত্মমর্যাদাবোধ থেকে।,স্থানীয় প্রভাবশালী সন্ত্রাসীরা চানপুর-মনমতপুর মোড়ে নিয়মিত মহড়া করে যা আধিপত্য বিস্তারে তাদের নিয়ন্ত্রণ বজায় রাখে।,0
118,বাঙালি বা বাংলাদেশী জাতিসত্তার বিচার-বিশ্লেষণ করার জন্য ১৭৫৭ ১৯০৫ ১৯১১ এবং ১৯৪৭ ১৯৫২ ১৯৭০-৭১ সালসহ বর্তমান উপ-আন্তর্জাতিক (ভারতবর্ষ) পরিমণ্ডলকে বিশেষভাবে পর্যালোচনা করা দরকার।,Asus ROG Phone 2 - 14 hours 11 minutes 6000,0
119,বাংলা ভাষা বাঙালিদের একক ভাষা হলেও ভাষাটির প্রকারভেদ বিভিন্ন জেলায় বিভিন্ন রকম।,তবে শেষমেশ বিরাট কোহলির দল পরাজয় এড়াতে ব্যর্থ হয়েছে।,0
120,পার্বত্য এলাকার ভাষা প্রমিত বাংলা থেকে ভিন্নরূপ যা সাধারণ একজন বাঙালির পক্ষে বোধোদয় হওয়া কষ্টকর।,জীবন ওই টাকা পেয়ে ৫ই সেপ্টেম্বর এর মধ্যে ছাগলগুলো দিতে অঙ্গীকার করেন।,0
121,ভাষাভিত্তিক পাহাড়ি বাঙালি নৃগোষ্ঠী এবং ধর্মভিত্তিক হিন্দু মুসলিম খ্রিষ্টান জৈন বৌদ্ধসহ বিভিন্ন ধর্মাবলম্বী মিলেই বাংলাদেশ।,বন্ধুত্বটি স্বীকার করার পর থেকেই দুজনের মধ্যে ফেসবুক মেসেঞ্জারে কথোপকথন শুরু হয়।,0
122,জতিগত দ্বন্দ্ব পৃথিবীর অন্যান্য রাষ্ট্রেও হয়েছে।,কিন্তু বাংলাদেশে ১৭.১২ শতাংশ,0
123,বর্তমানে যা প্রকটভাবে হচ্ছে চীনের উইঘুর ও মিয়ানমারে এবং যা শুরু হয়েছে পাশের রাষ্ট্র ভারতে।,জাতীয় সঞ্চয় অধিদপ্তরের সাম্প্রতিক প্রকাশিত তথ্য অনুযায়ী ২০১৯-২০ অর্থবছরের পঞ্চম মাস নভেম্বরে মোট সঞ্চয়পত্র বিক্রি হয়েছে ৫ হাজার ১৫৫ কোটি ৫০ লাখ টাকা।,0
124,রাষ্ট্রীয় পৃষ্ঠপোষকতায় একটি ক্ষুদ্র গোষ্ঠীকে নিঃশেষ করার মধ্য দিয়েই শুরু হয় গণহত্যা যার বীজ বপন হয় বৈষম্যের মধ্য দিয়ে।,আমাকে কাউকে নালিশ করতে দেব না।,0
125,ভারত উপমহাদেশের জাতিগত বৈষম্যের ইতিহাস অনেক দীর্ঘতর যা বর্ণনা ইতিহাসবিদদের লেখনীতে পাওয়া যায়।,নির্যাতনের বিষয়ে হল শাখা ছাত্রলীগের যুগ্ম-সাধারণ সম্পাদক আমির হামজা জাগো নিউজকে জানিয়েছেন তারা মারধর করেনি।,0
126,প্রখ্যাত রাজনীতিবিদ মওলানা আবুল কালাম আজাদ প্রণীত ‘ভারত স্বাধীন হলো’ বইয়ে তিনি লিখেছেন- ‘এই সময়ে আমি তখনকার একজন বাঘা বিপ্লবীকর্মী শ্যামসুন্দর চক্রবর্তীর সংস্পর্শে আসি।,ভাজা পোড়া তেল জাতীয় খাবার পরিহার করুন।,0
127,ফলে আমি বিপ্লবী রাজনীতির দিকে ঝুঁকি ও ছোট ছোট উপদলের একটিতে ঢুকে পড়ি।,ইশরাক তাঁর কথাগুলো বলেন যে তিনি এই পুরনো ঢাকার সন্তান।,0
128,সে সময় বিপ্লবী দলগুলোতে শুধু হিন্দু মধ্যবিত্ত শ্রেণীর লোকদেরই নেয়া হতো।,বাংলা ভাষার সৌন্দর্য বৃদ্ধি করার লক্ষ্যে বিভিন্ন স্তর থেকে বিভিন্ন ধরনের কার্যক্রম গ্রহণ করা প্রয়োজন।,0
129,সত্যি বলতে কি বিপ্লবী দলগুলো তখন ছিল কায়মনোবাক্যে মুসলিমবিরোধী’ (সূত্র : ভারত স্বাধীন হলো পৃষ্ঠা ১২)।, прошлым сезоном сильные осадки привели к наводнениям в штате Карнатака что оказало негативное влияние на сахарное производство этого штата.,0
130,জওয়াহেরলাল নেহরুকে লেখক বইটি উৎসর্গ করেছেন।,তখন প্রতিবেশীরা তাদের চিৎকারে আসে এবং আহতদের উদ্ধার করে উপজেলা স্বাস্থ্য কমপ্লেক্সে ভর্তি করায়।,0
131,লেখকের অসিয়ত অনুযায়ী তার মৃত্যুর ৩০ বছর পর বইটি প্রকাশ করা হয়েছে।,আর চালডাল সেখানে মোট ৫ হাজার ৫০০-এর বেশি পণ্য ক্রেতাদের সামনে উপস্থাপন করেছে।,0
132,ইতিহাস সাক্ষ্য দেয় দ্বিজাতিতত্ত্বের পক্ষে কায়েদে আযম মোহাম্মদ আলী জিন্নাহর চেয়ে উচ্চবর্ণের হিন্দু নেতাদের দাবি ছিল জোরদার।,বিএনপি’র স্থায়ী কমিটির সদস্য খন্দকার মোশাররফ হোসেন মির্জা আব্বাস নজরুল ইসলাম খান আমীর খসরু মাহমুদ চৌধুরী ভাইস চেয়ারম্যান বরকত উল্লাহ বুলু যুগ্ম মহাসচিব মোয়াজ্জেম হোসেন আলাল সাংগঠনিক সম্পাদক শামা ওবায়েদ প্রচার সম্পাদক শহীদ উদ্দিন চৌধুরী এ্যানি এবং ঢাকা দক্ষিণ ও উত্তর সিটি করপোরেশন নির্বাচনে বিএনপি মনোনীত দুই মেয়র প্রার্থী ইশরাক হোসেন তাবিথ আওয়াল প্রমুখ উপস্থিত ছিলেন।,0
133,মিয়ানমার ও ভারতের নাগরিকত্ব আইন এবং চীনের উইঘুরে মুসলিম নিধন একই সূত্রে গাথা।,তার স্ত্রীর কাছে দুই কোটি পঞ্চান্ন লক্ষ সাতো নয় হাজার দুশো তিনান্ন টাকা রয়েছে।,0
134,রোহিঙ্গা মুসলমানদের মিয়ানমার থেকে বিতাড়িত করার প্রশ্নে চীন ও ভারত বাংলাদেশের বন্ধুরাষ্ট্র বলে পরিচিত হলেও আন্তর্জাতিক পরিমণ্ডলে বাংলাদেশ বন্ধুরাষ্ট্রগুলোর কোনো ধরনের সহযোগিতা বা সমর্থন পায়নি।,যদি আমার পক্ষে মানুষের কাছে যাওয়া সম্ভব হয়।,0
135,তার পরও এ জটিল সমস্যার বোঝা বাংলাদেশকে একাই বইতে হচ্ছে; যার সমাধানের জন্য বাংলাদেশের পাশে মুসলিম দেশগুলোই এগিয়ে এসেছে ধর্মনিরপেক্ষ বা মানবতার নামধারী ভেটো পাওয়ায় ক্ষমতাপ্রাপ্ত রাষ্ট্রগুলো এগিয়ে আসেনি।,রাজধানী ঢাকাস্থ কুর্মিটোলা ও সম্মিলিত সামরিক হাসপাতালে চিকিৎসা নিতে আসা আটজন চীন ফেরত বাংলাদেশি নাগরিককে কোভিড-১৯ পরীক্ষা করা হয়েছে কিন্তু কারও শরীরে ভাইরাসটি শনাক্ত হয়নি।,0
136,তবে কেউ কেউ শুধু উদ্বেগ জানিয়েছে যা শুধু ছিল লোক দেখানোর পার্শ্বক্রিয়া মাত্র।,চলতি মাসের ৩০ ও ৩১ তারিখে ২৩তম স্প্যান ‘৬-এ’ সেতুর ৩১ ও ৩২ নম্বর পিলারের উপর স্থাপনের পরিকল্পনা প্রকৌশলীদের রয়েছে।,0
137,১৭৫৭ সালে তৎকালীন কিছু উচ্চপদস্থ রাষ্ট্রীয় কর্মকর্তা বিশেষ করে প্রধান সেনাপতি মীর জাফর আলী খানের বেঈমানির কারণে ৬৫ হাজার সৈন্য থাকা সত্ত্বেও স্বাধীন নবাব সিরাজউদ্দৌলাকে পরাজয় বরণ করতে হয়ে ছিল ব্রিটিশের তিন হাজার ৫০০ সৈন্যের কাছে।,রেজা কিবরিয়া সিঙ্গাপুর থেকে ফিরে আসার চেষ্টা করলেও দলের নেতারা তাকে পারিবারিক অসুস্থতার বিষয়টিকে বিবেচনা করে দেশে ফেরা থেকে বিরত রেখেছেন।,0
138,সে দিন যদি বেঈমানি না হতো তবে ভারতবর্ষের ইতিহাস ভিন্নতর হতো।,আজ আপনার জন্মদিনে পাশ্চাত্য জ্যোতিষশাস্ত্র অনুযায়ী আপনি মকর রাশির জাতক। আপনার উপর শনি বুধ এবং রবি গ্রহের প্রভাব রয়েছে।,0
139,পৃথিবীতে ঈমানদারিত্বের চেয়ে বেঈমানির ইতিহাস অনেক বড় যার কালিমা থেকে ভারতবর্ষ বাদ পড়ে না।,যে কারণে দেশের শিক্ষা প্রতিষ্ঠানগুলোতে সুশিক্ষার সুষ্ঠু ও স্বাভাবিক পরিবেশ বিদ্যমান নেই।,0
140,জনসংখ্যার গুরুত্ব শিক্ষাবিস্তারসহ গণমানুষের জীবনযাত্রার মানোন্নয়নের জন্য তৎকালীন মুসলিম নেতৃত্ব বিশেষ করে স্যার সলিমুল্লাহর নেতৃত্বে গণদাবির মুখে ব্রিটিশ সরকার পূর্ববঙ্গ ও আসামকে যুক্ত করত : ঢাকাকে রাজধানী করে ১৯০৫ সালে একটি প্রদেশ গঠন করে।,আওয়ামী লীগের সংসদ সদস্য কাজী নাবিল আহমেদের কাজীপাড়া এলাকার বাড়িতে বোমা হামলার সাথে জড়িত সন্দেহে টাক মিলনকে আটক করা হয়েছে জানিয়েছে জেলা পুলিশ।,0
141,কিন্তু ভারতের উচ্চবর্ণের হিন্দুরা এ প্রদেশ মেনে নেয়নি।,ব্যারিস্টার নাজমুল হুদা এস কে সিনহার বিরুদ্ধে একটি অভিযোগের ভিত্তিতে মামলা দায়ের করা হয়েছে।,0
142,তাদের আন্দোলনের কারণে ১৯১১ সালে বঙ্গভঙ্গ রদ হয়ে গেলে আবার পূর্ববঙ্গ ও আসাম রাজধানী কলকাতার অধীনে চলে যায়।," শেখ হাসিনা জানান ""আমরা বাউল গানকে বিশ্ব ঐতিহ্য হিসেবে প্রতিষ্ঠিত করার উদ্যোগ নিয়েছি।""",0
143,ভারত স্বাধীনতা আইন ১৯৩৫ ব্রিটিশ পার্লামেন্টে অনুমোদন হওয়ার পরই ব্রিটিশ থেকে ভারতবর্ষ স্বাধীন হওয়ার কার্যক্রম আনুষ্ঠানিকভাবে শুরু হয়।,পরবর্তী সময়ে ইপিজেডগুলোর সফলতা বিবেচনায় সরকার বেপজাকে চট্টগ্রামের মিরসরাইয়ে অর্থনৈতিক অঞ্চল প্রতিষ্ঠার দায়িত্ব দেয়।,0
144,ব্রিটিশ সহজভাবে ভারতের স্বাধীনতা মেনে নেয়নি।,এই লাসো অ্যাপে মিউজিকের জন্য একটি বৃহৎ লাইব্রেরি বিদ্যমান থাকবে।,0
145,ব্রিটিশ ভারতকে লুট করেছে ভারতীয় সংস্কৃতিতে পশ্চিমা সংস্কৃতি অনুপ্রবেশ ঘটিয়েছে খান বাহাদুর রায় বাহাদুর স্যার নানা ধরনের উপাধি দিয়ে ব্রিটিশরা ভারতীয় হিন্দু-মুসলমানের মধ্যে দালালশ্রেণী সৃষ্টি করে ‘ডিভাইড অ্যান্ড রুল’ নীতি অনুসরণ করে বৈষম্যের আনুষ্ঠানিক প্রচলন এ দেশে জন্ম দিয়েছে।,তিনি মহোদয় জানান যে নাগরিকত্ব সংশোধন বিলটি পাশ হলে উদ্বাস্তুদের নাগরিকত্ব প্রদান করা হবে।,0
146,সবচেয়ে বড় কথা এই যে জনস্বার্থবিরোধী একটি আমলাতান্ত্রিক সংস্কৃতি প্রতিষ্ঠা করেছে ব্রিটিশ সরকার যার ধারাবাহিকতা এখনো চলমান।,বেশিরভাগ চ্যাম্পিয়ন লিগের বর্তমান চ্যাম্পিয়নদের কাছে রক্ষণের নিয়ন্ত্রণ রয়েছে।,0
147,আমাদের রাষ্ট্র স্বাধীন হয়েছে (১৯৪৭ ও ১৯৭১) দুইবার কিন্তু আমলাতান্ত্রিক রীতিনীতি ব্রিটিশের প্রভাবেই প্রভান্বিত চারিত্রিক বৈশিষ্ট্য দেশপ্রেম ও মর্যাদাবোধ এখনো পরাধীনতার মানসিকতারই চলছে ফলে আগে এ দেশ ও জাতি শোষিত হয়েছে ব্রিটিশ পাকিস্তানি দিয়ে এখন নিজেদের মধ্যেই শোষক শ্রেণীর সৃষ্টি হয়েছে।,গতকাল রবিবার সদর উপজেলায় খাদ্যগুদামে গিয়ে দেখা গেল উপজেলার দুর্গম এলাকার কৃষকরা ছোট-বড় নৌকায় ধান নিয়ে গুদামের সামনে দীর্ঘ লাইনে দাঁড়িয়ে ছিলেন।,0
148,জাতিগত বৈষম্যের মূল নায়ক ভারত সরকার স্বয়ং।,এই সময় ওই ফার্মেসিতে মেয়াদোত্তীর্ণ ওষুধ বিক্রির প্রমাণ পাওয়া যায়।,0
149,তবে ধর্ম-বর্ণ নির্বিশেষে ভারতীয় জনগণের ভূমিকা প্রশংসনীয়।,আমরা কোনোভাবেই এখন আমাদের দেশে ফিরে যেতে সক্ষম নই।,0
150,যেমন- বাংলাদেশের মুক্তিযুদ্ধে আমেরিকা পাকিস্তান সরকারকে সমর্থন করলেও জনগণ ছিল স্বাধীনতাকর্মীদের পক্ষে।,এমভ identiques 방식으로 ইভিএম তৈরি করা হয়েছে সেইভাবেই কমান্ড শুনবে।,0
151,ফলে জনগণ ও সরকারের চিন্তা এক ও অভিন্ন তা বলা যাবে না।,রাস্তায় কোনো গাড়ি ছিল না আমি যে যেতেছিলাম তারপর ফিরে আসব কিভাবে - তাই যাই নাই।’ নির্বাচন কমিশনার শাহাদাত হোসেন চৌধুরী এই কারণের সঙ্গে একমত হচ্ছেন।,0
152,বরং শোষণ-বৈষ্যম্যের বিরুদ্ধে জনগণই সঠিক পথের দিকনির্দেশক এবং সর্বশেষ জয়ের মালা যাদের গলায় শোভাবর্ধন করেছে তারাই হলো জনগণ।,তিনি অবগত নন যে খালেদা জিয়ার প্যারোলে মুক্তি পাওয়া নিয়ে তিনি কিছু জানেন না।,0
153,তবে এর মধ্য দিয়ে স্বার্থান্বেষী মহল সুবিধাবাদী ও সুবিধাভোগীরা যে যতটুকু পারে ততটুকুই জনস্বার্থ লুট করে নিয়ে গেছে।,তালিকাটিতে মিথ্যা নামগুলোর কারণে ক্ষুব্ধ প্রতিক্রিয়া জানিয়েছেন ক্ষতিগ্রস্ত কৃষক এবং স্থানীয় এলাকাবাসী।,0
154,ইতিহাসের পেছনে তাকালে দৃশ্যমান হয় যে মোদি ও অমিত শাহ নেতৃত্বাধীন ভারতে এখন যা ঘটছে তা হলো দ্বিজাতিতত্ত্বের বাস্তবায়ন।,দ্য ডেইলি মেইল জানিয়েছে হামলার দিন সোলাইমানি সিরিয়া থেকে বাগদাদে অবতরণ করেছিলেন।,0
155,মুসলিম লিগের উদ্যোগে ১৯৪০ সালে লাহোর প্রস্তাবে ‘টু ন্যাশন থিওরি’ অর্থাৎ দ্বিজাতিতত্ত্ব পাস করে।,এ ঘটনার প্রেক্ষিতে এলাকায় উত্তেজনা বিরাজ করছে।,0
156,কিন্তু ১৯০৫ সালে বঙ্গভঙ্গের পরই হিন্দুদের জন্য আলাদা রাষ্ট্র গঠনের দাবি ওঠে ১৯০৮ সাল থেকেই।,এই ক্ষেত্রে ২০১২ সালের এপ্রিলের (কোতয়ালি থানার মামলা নং-৪৮) ২০১৪ সালের আগস্টের (কোতয়ালি থানার মামলা নং-১১৩) এবং ২০১৫ সালের অক্টোবর মাসের (কোতয়ালি থানার মামলা নং-১৩) বিস্ফোরক মামলাগুলো বিশেষভাবে উল্লেখযোগ্য।,0
157,মুসলমান ও ক্রিশ্চিয়ানদের ভারত থেকে বের করে দেয়ার যুক্তি দিয়ে সাম্প্রদায়িক গবেষক বিনায়ক দামোদর সভারকার ১৯২৩ সালে ‘হিন্দুত্ব’ বইটি প্রকাশ করেন।,বর্তমানে ৬টি আঞ্চলিক বাণিজ্য চুক্তির সদস্যপদ রয়েছে।,0
158,সে ধ্যান-ধারণাকে লালন করে শুধু মুসলিম নিধনের জন্য ভারতের এই এনআরসি উদ্যোগ।,দলীয় প্রার্থী হওয়ার সম্ভাবনা রয়েছে এবং দল থেকে মনোনয়নও পেতে পারেন।,0
159,কেউ কেউ স্মৃতি ভুলে গেলেও অতীত তো ইতিহাসের পাতায় লেখা থাকে।,অবশ্যই আপনার প্রশ্নটির উত্তর নিচে দেওয়া হলো। এবারও আপনার হাত ধরেই আসবে গণমানুষের মুক্তি।,0
160,ইতিহাস ভুলে যাওয়ার কথা নয় তবে অতীত থেকে মানুষ শিক্ষা নিতে চায় না।,তবে তিনি প্রমাণ করে দেখালেন ধোনিও নয় মণীশ পাণ্ডেও নয় তিনি।,0
161,স্মৃতিকে ভুলে যাওয়াকে একটি রোগ উল্লেখ করে বিশেষজ্ঞরা এর নাম দিয়েছেন ডিমেনশিয়া।,সবার জন্য অনুরোধ আপনারা সাবধানে পথ দিয়ে চলাচল করুন।,0
162,বিশেষজ্ঞদের মতে বাংলাদেশে এ রোগীর সংখ্যা ১০ লাখ ২০৫০ সালে পৃথিবীতে এ রোগীর সংখ্যা দাঁড়াবে ১৫ কোটিরও বেশি।,অন্যান্য রসগোল্লার তুলনায় আমার এই ঝাল রসগোল্লা বেশি ভালো লাগে। তাই ঝাল রসগোল্লা এখন আর ‘কাঁঠালের আমসত্ত্ব’ নয়।,0
163,বিশেষজ্ঞদের মতে মোট জনসংখ্যার একটি অতি ক্ষুদ্র অংশ অতীত ভুলে যায় স্মৃতিশক্তি নষ্ট হওয়ার কারণে কিন্তু মূল জনস্রোত কিন্তু ইতিহাস ভোলার কথা নয়।,করোনাভাইরাস সংক্রমণের বিস্তার রোধে চীনের বিভিন্ন শহরে আটকে পড়া বাংলাদেশিরা দেশে ফেরার জন্য আকুতি জানিয়েছেন।,0
164,অতীতকে জানার সুযোগ মানুষের রয়েছে কিন্তু ভবিষ্যৎকে জানার বা দেখার কোনো সুযোগ নেই।,সুজন চৌধুরীর বাড়ি থেকে এক লক্ষ দশ হাজার টাকা চুরি হওয়ার অভিযোগ দায়ের করা হয়েছে।,0
165,কারণ সৃষ্টিকর্তা জোর দিয়েই বলেছেন ‘গায়েব’কে জানার জ্ঞানের একমাত্র মালিক তিনি যিনি সব কিছুর সৃষ্টিকর্তা; কুরআনের ভাষায় ‘আলিমুল গায়েব’।,বাগেরহাটের শরণখোলায় শাহিনুর বেগম (৪৫) একজন বিধু স্থানীয় এক প্রভাবশালী কর্তৃক তার বসতঘর দখলে নিয়েছে।,0
166,ভবিষ্যৎ সম্পর্কে কেউ যদি জানত তবে কেউই বাংলাদেশে রাষ্ট্রীয় ক্ষমতায় নিজেকে অধিষ্ঠিত করত না।,ট্টগ্রামে ভোটারগণ ভোটকেন্দ্রে যেতে বাধা দেওয়া হয়েছিল।,0
167,বাংলাদেশে যারাই রাষ্ট্রীয় ক্ষমতার স্বাদ ভোগ করেছে তাদের পরিণত সুখকর হয়নি।,বহুজন মানুষ দেশের ভেতরে বসবাস করলেও তারা কার্যত নিষ্ক্রিয় রয়েছেন।,0
168,প্রতিহিংসাপরায়ণ এবং প্রতিপক্ষকে অত্যাচার-নির্যাতনের মানসিকতাপূর্ণ এ সমাজব্যবস্থায় রাষ্ট্রীয় ক্ষমতার ইতিহাস খুবই করুণ এবং নির্মম।,প্রথম পর্বে এ নিয়ে ১৪ জন মুরিদ বিশ্ব ইজতেমায় মারা গেছেন।,0
169,প্রসঙ্গক্রমে উল্লেখ্য এ দেশের আইনশৃঙ্খলা বাহিনীর হাতে খুন হয়েছেন দুইজন রাষ্ট্রপতি (বঙ্গবন্ধু শেখ মুজিব ও শহীদ রাষ্ট্রপতি জেনারেল জিয়া)।,ডেস্ক: ভারত সীমান্তে বিএসএফের গুলিতে বাংলাদেশি হত্যার ঘটনায় বুদ্ধিজীবী ও শিক্ষার্থীরা বিক্ষোভ ও গায়েবানা জানাজায় অংশ নিয়েছেন। গতকাল শনিবার বিকেলে ঢাকা বিশ্ববিদ্যালয়ের রাজু ভাস্কর্যের পাদদেশে জানাজার আয়োজন করা হয়।,0
170,ক্ষমতা হারিয়ে কারাবন্দী হয়েছেন রাষ্ট্রপতি এরশাদ।,সরকার কৃষকদের কাছ থেকে ধান ক্রয়ের যে উদ্দেশ্য নিয়ে সিদ্ধান্ত নিয়েছে তা পূরণ হওয়ার সম্ভাবনা ক্ষীণ।,0
171,জাতীয় সংসদের মাধ্যমে অপসারিত হওয়ার আশঙ্কায় পদত্যাগ করেছেন রাষ্ট্রপতি বি. চৌধুরী।,বৃহস্পতিবার ভোর ৫টায় তিনি চৌগাছার কাদবিলা গ্রামে নিজের বাড়িতে শেষ নিশ্বাস ত্যাগ করেন।,0
172,প্রভাবশালী দুই নারী প্রধানমন্ত্রী কারাবন্দী হয়েছেন যার মধ্যে একজন এখনো কারাভোগ করছেন।,৬ মাস সে তার গাড়ি চালিয়েছে।,0
173,প্রভাবশালী এমন কোনো মন্ত্রী নেই যারা কারাভোগ করেননি।,বিকেল ৫:৩০টায় মেলার আনুষ্ঠানিক উদ্বোধান করবেন সংস্কৃতি বিষয়ক প্রতিমন্ত্রী কে এম খালিদ এমপি।,0
174,যারা ঠুঁটো জগন্নাথ রাষ্ট্রপতি বা প্রধানমন্ত্রী ছিলেন তাদের কারাভোগ করতে হয়নি।,দেশে ফেরার বিষয়ে পররাষ্ট্রমন্ত্রী বলেন চীনের সরকারের অনুমতি পেলেই তাদের ফিরিয়ে আনা হবে।,0
175,সাবেক স্বরাষ্ট্রমন্ত্রীদের মধ্যে অনেকেই ক্ষমতা হারিয়ে প্রকাশ্যে জনসম্মুখে পুলিশের পিটুনি খেয়েছেন তারা হলেন- মোহাম্মদ নাসিম মতিন চৌধুরী আলতাফ চৌধুরী ও বাবর।,অন্য একটি কানের সার্জারির সময় অন্য কানের পর্দা ক্ষতিগ্রস্ত হলে।,0
176,গলাধাক্কা খেয়ে প্রধান বিচারপতি এস কে সিনহা দেশত্যাগে বাধ্য হয়েছেন বর্তমানে দুদক মামলায় কারাগার তাকে ডাকছে যদিও দুদককে তিনিই শক্তিশালী করে দিয়েছেন।,আমি আজীবন সততার সাথে এই কাজটি করে যেতে চাই।,0
177,তার মতে রাজনীতিবিদরা সবাই দুর্নীতিবাজ।,মিলাররা হঠাৎ করে দাম বাড়িয়ে দেওয়ায় চাল ব্যবসায়ীরা বেশি দামে চাল বিক্রি করতে zorunda হচ্ছেন।,0
178,এ দেশে ক্ষমতাভোগীদের ভাগ্যের নির্মম পরিহাস- কখন কী হয় তা কেউই আঁচ করতে পারে না।,‘তুমি যদি চাও’ শিরোনামের একটি গানে কলকাতার ঐ গ্ল্যামারাস নায়িকা নিজেকে প্রকাশ করেছিলেন।,0
179,৩০ টাকার ইফতারি কখন কার ভাগ্যে জোটে তা বলা যায় না।,সমাবর্তন বক্তা হিসেবে বিশিষ্ট শিক্ষাবিদ অধ্যাপক ড. একে আজাদ চৌধুরী বক্তব্য রেখেছেন।,0
180,কখন কে কারাগারে রাজার হালে থাকে বা থাকবে তা ও অনিশ্চিত।,অর্থাৎ দুই টেস্ট এবং তিন টি-টোয়েন্টি ম্যাচ মিলিয়ে সম্পূর্ণ সিরিজটি সম্পন্ন হয়েছে।,0
181,প্রধানমন্ত্রী শেখ হাসিনা সম্প্রতি একটি নির্মম সত্য প্রকাশ করেছেন।,আমদানি সংক্রান্ত বিষয়গুলির পাশাপাশি রফতানি খাতেও প্রায় একই ধরণের পরিস্থিতি বিদ্যমান।,0
182,তিনি বলেছেন বঙ্গবন্ধু লাশ যখন সিঁড়িতে পড়ে ছিল তখন দলের এত নেতাকর্মী ছিল কোথায়?,তিনি এমন কিছু লোকের সমন্বয়ে গঠিত নির্বাচন কমিশন গঠন করেছেন যাদের মধ্যে মেরুদণ্ড নেই।,0
183,বাঙালি বা বাংলাদেশী জাতিসত্তা লাইনচ্যুত হয়ে কি খাদের কিনারে নাকি নীড়হারা পাখির মতো শুধু উন্নয়নের আকাশে উড়ে বেড়াচ্ছে নাকি পথের সন্ধান পেয়ে গন্তব্যস্থলের দিকে এগোচ্ছে- বিষয়গুলো অনেক অনেক প্রণিধানযোগ্য।,তবে বিজ্ঞান অনুযায়ী এটি অন্যায়।,0
184,ইট-সিমেন্টের উন্নয়ন দিয়ে জাতিসত্তার মর্যাদার মাপকাঠি নিরূপণ করা যায় না।,ফ্লাইটের টিকিট বাতিল করার পাশাপাশি কনফার্ম থাকা সত্ত্বেও যাত্রী ফ্লাইটে উপস্থিত না হওয়ার ঘটনা (নো শো) বাড়ছে।,0
185,‘উন্নয়ন কারো সমষ্টিগত মর্যাদা সম্মানবোধ পারস্পরিক শ্রদ্ধা জমাটবদ্ধ করে না।,করোনাভাইরাস সংক্রমণে চীনের ফুটবল এখন আক্রান্ত।,0
186,ফলে বর্তমানে ‘জিরো টলারেন্স’ নামক একটি কালচার আবিষ্কার হয়েছে যা আদর্শিকভাবে প্রয়োগ না হয়ে ব্যবহৃত হচ্ছে রাজনৈতিক প্রতিপক্ষের বিরুদ্ধে।,কিন্তু জেলা যুবলীগের প্রচার সম্পাদক জাহিদ হোসেন মিলন যার সurnাম ‘টাক মিলন’ তাঁর সাথে তার সম্পর্ক গভীর।,0
187,বর্তমান জাতিসত্তা শুধু ক্ষমতার পাশে থাকতে চায় আদর্শের পক্ষে নয় ব্যতিক্রম যা রয়েছে তা জনস্রোতের একটি ক্ষুদ্র অংশ যাদের গলায় আওয়াজ রাষ্ট্রীয় নীতিনির্ধারকদের কর্ণকুহরে পৌঁছায় না।,শেয়ারের দাম ১৩ দশমিক ২২ শতাংশ হ্রাস পেয়েছে।,0
188,ফলে সর্বত্রই চলে রাজার জয়গান।,রাশিয়ার পার্লামেন্টের উচ্চ কক্ষের পররাষ্ট্র বিষয়ক কমিটির প্রধান যুক্তরাষ্ট্রের বিমান হামলাকে ভুল পদক্ষেপ বলে অভিহিত করেছেন এবং এটিকে হামলাকারীদের বিরুদ্ধে বুমেরাং হিসেবে অভিহিত করেছেন।,0
189,‘সত্য’ যেন দিন দিন হারিয়ে যাচ্ছে।,পপি কোথায় চলে গেছেন?,0
190,এটাও প্রমাণিত হয়েছে সময় যখন খারাপ হয় তখন ভুক্তভোগীই বুঝতে পারে সে কতটুক অসহায় (!),সিম্ফনি মোবাইলসের হেড অফিস র‍্যাংগস ব্যাবিলনিয়াতে স্মার্টফোন দুটি উদ্বোধন করা হয়।,0
191,লেখক : চেয়ারম্যান গণতন্ত্র ও বেগম খালেদা জিয়া মুক্তি আইনজীবী আন্দোলন,এই নির্বাচনে ব্যক্তিরা নির্বাচিত হন স্থানীয় জনগণের উন্নতির জন্য।,0
192,লোকসমাজ ডেস্ক ॥ ঢাকা বিশ্ববিদ্যালয় (ঢাবি) কেন্দ্রীয় ছাত্র সংসদ (ডাকসু) ভবনে ভিপি নুরুল হক নুর এবং তার সঙ্গীদের ওপর হামলার ঘটনা তদন্তে গঠিত কমিটি ঢাকা মেডিক্যাল কলেজ হাসপাতালে নুরের সঙ্গে দেখা করে ঘটনার বিষয়ে অনুসন্ধান করেছে।,শিক্ষার্থীরা ফেসবুক ও ইউটিউব এবং এর সাথে জড়িত বিভিন্ন অনৈতিক কাজের প্রতি আকৃষ্ট হবে।,0
193,শনিবার (২৮ ডিসেম্বর) বেলা ১১টার কিছু পরে তদন্ত কমিটির সদস্যরা নুরের সঙ্গে সাক্ষাৎ করতে যান।,সাত জন ব্যক্তিকে গ্রেপ্তার করেছে তুর্কি পুলিশ যা এখন পর্যন্ত এ ঘটনার সবচেয়ে বড় ঘটনা।,0
194,তদন্ত কমিটির সঙ্গে সাক্ষাৎ প্রসঙ্গে ভিপি নুর বলেন ‘বিশ্ববিদ্যালয় তদন্ত কমিটির সদস্যরা বেলা সাড়ে ১১টার দিকে আমার সঙ্গে দেখা করতে আসেন।,ইসরায়েল গোলান মালভূমির লাগোয়া নিজেদের উত্তর সীমান্তের কাছে ইরানের প্রক্সি বাহিনীর উপস্থিতি কোনোভাবেই মেনে নিতে রাজি নয়।,0
195,তারা ওইদিনের হামলার বিষয়ে জানতে চেয়েছেন।’ তদন্ত কমিটি গঠন নিয়ে মন্তব্য করে নূর বলেন ‘ঘটনা ঘটার পরে এরকম তদন্ত কমিটি গঠন করা হয়।,এই কারণে তিনি বায়রনের দ্বারা প্রভাবিত হয়েছিলেন এবং বিশ্বাস করতেন বায়রনের মতো জীবনযাপন করলেই জীবনের চরম সাফল্য ও সুখ লাভ করা যায়।,0
196,কিন্তু ব্যবস্থা নিতে আমরা দেখি না।’,সংবাদ পেয়ে ইউপি চেয়ারম্যান মোদাচ্ছের আলী স্বপনের বিষয়ে জানতে ওই বাড়িতে যান যেখানে ইউপি সদস্য জাকির হোসেন ও স্থানীয় পূজা পরিষদের নেতৃবৃন্দ ছিলেন।,0
197,ডাকসু ভবনে ভিপি নুরুল হক নুর এবং তার সঙ্গীদের ওপর হামলার ঘটনা তদন্তে ঘটনার পরদিন গত ২৩ ডিসেম্বর ছয় সদস্যের এ কমিটি গঠন করে ঢাকা বিশ্ববিদ্যালয় কর্তৃপক্ষ।,আগামী ২৬ জানুয়ারি থেকে বিইউআরপি ও বিআর্ক কোর্সের প্রথম বর্ষের ছাত্র-ছাত্রীদের কাস commencement হবে।,0
198,ঘটনা তদন্ত করে কমিটিকে ছয় কার্যদিবসের মধ্যে সুপারিশসহ প্রতিবেদন দিতে বলা হয়।,করোনাভাইরাস সংক্রমণে রোগীদের মধ্যে শ্বাসকষ্ট জ্বর সর্দি এবং কাশির মতো উপসর্গগুলো প্রাথমিক লক্ষণ হিসেবে দেখা যায়।,0
199,হামলার ঘটনাকে ‘অনাকাঙ্ক্ষিত ও দুঃখজনক’ উল্লেখ করে দেওয়া বিশ্ববিদ্যালয়ের একটি বিজ্ঞপ্তিতে জানানো হয় ‘এই ঘটনাটি কেন ও কীভাবে সংঘটিত হলো এবং এর সঙ্গে কারা জড়িত তা সুষ্ঠুভাবে তদন্ত করার জন্য কলা অনুষদের ডিন অধ্যাপক ড. আবু মো. দেলোয়ার হোসেনকে আহ্বায়ক করে ছয় সদস্য বিশিষ্ট একটি তদন্ত কমিটি গঠন করা হয়েছে।’ কমিটির অন্য সদস্যরা হলেন–শামসুন নাহার হলের প্রাধ্যক্ষ সুপ্রিয়া সাহা সিনেট সদস্য অসীম সরকার ইন্টারন্যাশনাল হলের প্রাধ্যক্ষ মো. মহিউদ্দিন সিন্ডিকেট সদস্য মো. মিজানুর রহমান এবং বিশ্ববিদ্যালয়ের সহকারী প্রক্টর মুহাম্মদ মাঈনুল করিম।,এমনকি মন্দার আবহেই দশকটি শুরু করেছিল খাতটি।,0
189,‘সত্য’ যেন দিন দিন হারিয়ে যাচ্ছে।,এলাকাভিত্তিক প্রভাবে জনপ্রতিনিধি নির্বাচন করা হয়।,0